Date,Exchange Rate
2011/01/01,1138.9
2011/01/02,1138.9
2011/01/03,1138.9
2011/01/04,1127.5
2011/01/05,1122.3
2011/01/06,1125.0
2011/01/07,1123.1
2011/01/08,
2011/01/09,
2011/01/10,1122.1
2011/01/11,1120.6
2011/01/12,1126.2
2011/01/13,1120.0
2011/01/14,1112.2
2011/01/15,
2011/01/16,
2011/01/17,1114.7
2011/01/18,1114.7
2011/01/19,1116.8
2011/01/20,1112.5
2011/01/21,1118.2
2011/01/22,
2011/01/23,
2011/01/24,1122.0
2011/01/25,1120.3
2011/01/26,1117.6
2011/01/27,1118.2
2011/01/28,1114.3
2011/01/29,
2011/01/30,
2011/01/31,1114.3
2011/02/01,1122.7
2011/02/02,
2011/02/03,
2011/02/04,
2011/02/05,
2011/02/06,
2011/02/07,1116.7
2011/02/08,1107.0
2011/02/09,1104.4
2011/02/10,1104.8
2011/02/11,1112.9
2011/02/12,
2011/02/13,
2011/02/14,1120.7
2011/02/15,1123.9
2011/02/16,1122.5
2011/02/17,1120.7
2011/02/18,1116.2
2011/02/19,
2011/02/20,
2011/02/21,1113.0
2011/02/22,1116.4
2011/02/23,1125.9
2011/02/24,1125.8
2011/02/25,1126.9
2011/02/26,
2011/02/27,
2011/02/28,1127.9
2011/03/01,
2011/03/02,1128.8
2011/03/03,1128.4
2011/03/04,1122.6
2011/03/05,
2011/03/06,
2011/03/07,1116.2
2011/03/08,1117.9
2011/03/09,1117.4
2011/03/10,1115.2
2011/03/11,1118.4
2011/03/12,
2011/03/13,
2011/03/14,1124.5
2011/03/15,1129.8
2011/03/16,1131.3
2011/03/17,1132.8
2011/03/18,1137.6
2011/03/19,
2011/03/20,
2011/03/21,1128.3
2011/03/22,1125.9
2011/03/23,1121.7
2011/03/24,1123.7
2011/03/25,1122.8
2011/03/26,
2011/03/27,
2011/03/28,1114.5
2011/03/29,1114.2
2011/03/30,1114.6
2011/03/31,1107.2
2011/04/01,1100.1
2011/04/02,
2011/04/03,
2011/04/04,1094.6
2011/04/05,1086.9
2011/04/06,1089.7
2011/04/07,1085.5
2011/04/08,1088.0
2011/04/09,
2011/04/10,
2011/04/11,1085.4
2011/04/12,1084.4
2011/04/13,1091.7
2011/04/14,1092.5
2011/04/15,1089.4
2011/04/16,
2011/04/17,
2011/04/18,1087.9
2011/04/19,1089.9
2011/04/20,1092.8
2011/04/21,1083.7
2011/04/22,1080.1
2011/04/23,
2011/04/24,
2011/04/25,1081.8
2011/04/26,1081.5
2011/04/27,1085.5
2011/04/28,1079.9
2011/04/29,1072.3
2011/04/30,
2011/05/01,
2011/05/02,1073.3
2011/05/03,1066.8
2011/05/04,1070.2
2011/05/05,
2011/05/06,1074.6
2011/05/07,
2011/05/08,
2011/05/09,1085.0
2011/05/10,
2011/05/11,1079.9
2011/05/12,1074.9
2011/05/13,1082.7
2011/05/14,
2011/05/15,
2011/05/16,1088.9
2011/05/17,1092.8
2011/05/18,1091.4
2011/05/19,1086.7
2011/05/20,1084.7
2011/05/21,
2011/05/22,
2011/05/23,1082.7
2011/05/24,1091.7
2011/05/25,1094.8
2011/05/26,1096.3
2011/05/27,1090.5
2011/05/28,
2011/05/29,
2011/05/30,1082.2
2011/05/31,1080.6
2011/06/01,1076.9
2011/06/02,1076.4
2011/06/03,1080.4
2011/06/04,
2011/06/05,
2011/06/06,
2011/06/07,1077.5
2011/06/08,1080.6
2011/06/09,1081.5
2011/06/10,1083.1
2011/06/11,
2011/06/12,
2011/06/13,1081.2
2011/06/14,1085.9
2011/06/15,1083.5
2011/06/16,1082.5
2011/06/17,1088.9
2011/06/18,
2011/06/19,
2011/06/20,1087.2
2011/06/21,1083.2
2011/06/22,1081.7
2011/06/23,1075.0
2011/06/24,1076.7
2011/06/25,
2011/06/26,
2011/06/27,1077.9
2011/06/28,1086.7
2011/06/29,1081.8
2011/06/30,1078.1
2011/07/01,1070.1
2011/07/02,
2011/07/03,
2011/07/04,1066.4
2011/07/05,1063.8
2011/07/06,1065.6
2011/07/07,1064.9
2011/07/08,1064.3
2011/07/09,
2011/07/10,
2011/07/11,1058.4
2011/07/12,1059.7
2011/07/13,1066.2
2011/07/14,1063.2
2011/07/15,1056.7
2011/07/16,
2011/07/17,
2011/07/18,1057.3
2011/07/19,1061.2
2011/07/20,1059.7
2011/07/21,1055.3
2011/07/22,1055.3
2011/07/23,
2011/07/24,
2011/07/25,1051.2
2011/07/26,1054.5
2011/07/27,1052.9
2011/07/28,1050.2
2011/07/29,1052.6
2011/07/30,
2011/07/31,
2011/08/01,1053.1
2011/08/02,1049.5
2011/08/03,1051.3
2011/08/04,1058.6
2011/08/05,1058.5
2011/08/06,
2011/08/07,
2011/08/08,1069.4
2011/08/09,1073.5
2011/08/10,1092.2
2011/08/11,1080.4
2011/08/12,1085.7
2011/08/13,
2011/08/14,
2011/08/15,
2011/08/16,1078.7
2011/08/17,1070.0
2011/08/18,1072.7
2011/08/19,1072.3
2011/08/20,
2011/08/21,
2011/08/22,1082.9
2011/08/23,1083.4
2011/08/24,1081.0
2011/08/25,1079.0
2011/08/26,1085.3
2011/08/27,
2011/08/28,
2011/08/29,1084.5
2011/08/30,1076.0
2011/08/31,1071.7
2011/09/01,1070.4
2011/09/02,1063.0
2011/09/03,
2011/09/04,
2011/09/05,1062.7
2011/09/06,1068.3
2011/09/07,1071.8
2011/09/08,1071.7
2011/09/09,1072.8
2011/09/10,
2011/09/11,
2011/09/12,
2011/09/13,
2011/09/14,1076.0
2011/09/15,1100.4
2011/09/16,1108.1
2011/09/17,
2011/09/18,
2011/09/19,1106.9
2011/09/20,1122.3
2011/09/21,1150.6
2011/09/22,1147.2
2011/09/23,1177.5
2011/09/24,
2011/09/25,
2011/09/26,1186.0
2011/09/27,1184.6
2011/09/28,1179.7
2011/09/29,1172.7
2011/09/30,1179.5
2011/10/01,
2011/10/02,
2011/10/03,
2011/10/04,1178.1
2011/10/05,1199.5
2011/10/06,1192.4
2011/10/07,1186.6
2011/10/08,
2011/10/09,
2011/10/10,1179.9
2011/10/11,1173.0
2011/10/12,1164.2
2011/10/13,1172.4
2011/10/14,1158.0
2011/10/15,
2011/10/16,
2011/10/17,1160.3
2011/10/18,1145.7
2011/10/19,1147.1
2011/10/20,1137.7
2011/10/21,1139.5
2011/10/22,
2011/10/23,
2011/10/24,1149.5
2011/10/25,1137.7
2011/10/26,1127.9
2011/10/27,1130.4
2011/10/28,1124.5
2011/10/29,
2011/10/30,
2011/10/31,1104.5
2011/11/01,1105.2
2011/11/02,1113.9
2011/11/03,1126.2
2011/11/04,1131.5
2011/11/05,
2011/11/06,
2011/11/07,1112.6
2011/11/08,1115.0
2011/11/09,1116.3
2011/11/10,1115.7
2011/11/11,1134.3
2011/11/12,
2011/11/13,
2011/11/14,1127.3
2011/11/15,1120.6
2011/11/16,1126.2
2011/11/17,1134.5
2011/11/18,1137.6
2011/11/19,
2011/11/20,
2011/11/21,1136.4
2011/11/22,1139.6
2011/11/23,1146.6
2011/11/24,1149.2
2011/11/25,1157.1
2011/11/26,
2011/11/27,
2011/11/28,1159.9
2011/11/29,1154.9
2011/11/30,1150.3
2011/12/01,1140.6
2011/12/02,1127.2
2011/12/03,
2011/12/04,
2011/12/05,1127.7
2011/12/06,1130.3
2011/12/07,1131.2
2011/12/08,1126.8
2011/12/09,1130.9
2011/12/10,
2011/12/11,
2011/12/12,1142.3
2011/12/13,1145.0
2011/12/14,1155.4
2011/12/15,1158.5
2011/12/16,1161.4
2011/12/17,
2011/12/18,
2011/12/19,1156.5
2011/12/20,1169.5
2011/12/21,1167.1
2011/12/22,1150.9
2011/12/23,1156.2
2011/12/24,
2011/12/25,
2011/12/26,1149.4
2011/12/27,1150.0
2011/12/28,1156.4
2011/12/29,1157.4
2011/12/30,1153.3
2011/12/31,
2012/01/01,
2012/01/02,1153.3
2012/01/03,1155.5
2012/01/04,1150.9
2012/01/05,1147.4
2012/01/06,1150.3
2012/01/07,
2012/01/08,
2012/01/09,1158.4
2012/01/10,1164.3
2012/01/11,1156.2
2012/01/12,1159.4
2012/01/13,1158.8
2012/01/14,
2012/01/15,
2012/01/16,1150.6
2012/01/17,1154.0
2012/01/18,1147.0
2012/01/19,1143.1
2012/01/20,1136.4
2012/01/21,
2012/01/22,
2012/01/23,
2012/01/24,
2012/01/25,1134.7
2012/01/26,1126.3
2012/01/27,1121.6
2012/01/28,
2012/01/29,
2012/01/30,1123.8
2012/01/31,1125.0
2012/02/01,1125.8
2012/02/02,1126.4
2012/02/03,1118.5
2012/02/04,
2012/02/05,
2012/02/06,1118.9
2012/02/07,1119.9
2012/02/08,1121.5
2012/02/09,1116.7
2012/02/10,1118.1
2012/02/11,
2012/02/12,
2012/02/13,1121.2
2012/02/14,1123.2
2012/02/15,1123.6
2012/02/16,1123.1
2012/02/17,1127.8
2012/02/18,
2012/02/19,
2012/02/20,1124.4
2012/02/21,1122.7
2012/02/22,1124.3
2012/02/23,1126.3
2012/02/24,1128.3
2012/02/25,
2012/02/26,
2012/02/27,1124.7
2012/02/28,1128.4
2012/02/29,1126.5
2012/03/01,
2012/03/02,1120.1
2012/03/03,
2012/03/04,
2012/03/05,1114.5
2012/03/06,1118.4
2012/03/07,1120.3
2012/03/08,1126.4
2012/03/09,1119.8
2012/03/10,
2012/03/11,
2012/03/12,1116.1
2012/03/13,1122.1
2012/03/14,1121.5
2012/03/15,1123.8
2012/03/16,1129.1
2012/03/17,
2012/03/18,
2012/03/19,1124.4
2012/03/20,1123.0
2012/03/21,1123.1
2012/03/22,1127.4
2012/03/23,1130.3
2012/03/24,
2012/03/25,
2012/03/26,1133.8
2012/03/27,1138.1
2012/03/28,1136.8
2012/03/29,1137.2
2012/03/30,1137.8
2012/03/31,
2012/04/01,
2012/04/02,1134.2
2012/04/03,1128.1
2012/04/04,1123.4
2012/04/05,1127.8
2012/04/06,1129.5
2012/04/07,
2012/04/08,
2012/04/09,1130.7
2012/04/10,1137.6
2012/04/11,
2012/04/12,1137.9
2012/04/13,1142.3
2012/04/14,
2012/04/15,
2012/04/16,1134.1
2012/04/17,1137.7
2012/04/18,1138.9
2012/04/19,1136.6
2012/04/20,1140.5
2012/04/21,
2012/04/22,
2012/04/23,1140.2
2012/04/24,1138.9
2012/04/25,1141.2
2012/04/26,1139.4
2012/04/27,1137.8
2012/04/28,
2012/04/29,
2012/04/30,1134.2
2012/05/01,
2012/05/02,1131.6
2012/05/03,1126.9
2012/05/04,1130.0
2012/05/05,
2012/05/06,
2012/05/07,1131.5
2012/05/08,1138.9
2012/05/09,1135.7
2012/05/10,1140.0
2012/05/11,1142.5
2012/05/12,
2012/05/13,
2012/05/14,1145.2
2012/05/15,1148.7
2012/05/16,1154.1
2012/05/17,1161.9
2012/05/18,1163.2
2012/05/19,
2012/05/20,
2012/05/21,1173.1
2012/05/22,1166.7
2012/05/23,1163.9
2012/05/24,1171.7
2012/05/25,1177.2
2012/05/26,
2012/05/27,
2012/05/28,
2012/05/29,1180.4
2012/05/30,1178.6
2012/05/31,1177.8
2012/06/01,1181.6
2012/06/02,
2012/06/03,
2012/06/04,1180.3
2012/06/05,1181.8
2012/06/06,
2012/06/07,1178.4
2012/06/08,1170.7
2012/06/09,
2012/06/10,
2012/06/11,1173.0
2012/06/12,1167.0
2012/06/13,1170.5
2012/06/14,1167.8
2012/06/15,1166.8
2012/06/16,
2012/06/17,
2012/06/18,1164.0
2012/06/19,1158.4
2012/06/20,1158.2
2012/06/21,1152.7
2012/06/22,1150.1
2012/06/23,
2012/06/24,
2012/06/25,1157.2
2012/06/26,1160.8
2012/06/27,1159.9
2012/06/28,1157.1
2012/06/29,1153.8
2012/06/30,
2012/07/01,
2012/07/02,1151.9
2012/07/03,1143.7
2012/07/04,1141.6
2012/07/05,1135.3
2012/07/06,1136.5
2012/07/07,
2012/07/08,
2012/07/09,1138.4
2012/07/10,1142.4
2012/07/11,1143.1
2012/07/12,1144.1
2012/07/13,1145.8
2012/07/14,
2012/07/15,
2012/07/16,1151.4
2012/07/17,1147.6
2012/07/18,1143.5
2012/07/19,1140.2
2012/07/20,1138.6
2012/07/21,
2012/07/22,
2012/07/23,1140.7
2012/07/24,1146.9
2012/07/25,1148.1
2012/07/26,1150.9
2012/07/27,1147.2
2012/07/28,
2012/07/29,
2012/07/30,1139.9
2012/07/31,1136.2
2012/08/01,1133.2
2012/08/02,1127.6
2012/08/03,1130.4
2012/08/04,
2012/08/05,
2012/08/06,1135.6
2012/08/07,1126.5
2012/08/08,1127.3
2012/08/09,1128.0
2012/08/10,1126.2
2012/08/11,
2012/08/12,
2012/08/13,1128.1
2012/08/14,1131.2
2012/08/15,
2012/08/16,1129.3
2012/08/17,1133.1
2012/08/18,
2012/08/19,
2012/08/20,1133.3
2012/08/21,1135.5
2012/08/22,1132.5
2012/08/23,1133.5
2012/08/24,1130.8
2012/08/25,
2012/08/26,
2012/08/27,1133.7
2012/08/28,1135.6
2012/08/29,1137.2
2012/08/30,1134.0
2012/08/31,1134.6
2012/09/01,
2012/09/02,
2012/09/03,1134.4
2012/09/04,1131.8
2012/09/05,1131.8
2012/09/06,1135.0
2012/09/07,1134.6
2012/09/08,
2012/09/09,
2012/09/10,1130.5
2012/09/11,1128.6
2012/09/12,1129.3
2012/09/13,1126.2
2012/09/14,1127.8
2012/09/15,
2012/09/16,
2012/09/17,1120.4
2012/09/18,1115.0
2012/09/19,1117.7
2012/09/20,1117.1
2012/09/21,1118.2
2012/09/22,
2012/09/23,
2012/09/24,1119.4
2012/09/25,1119.8
2012/09/26,1118.6
2012/09/27,1120.7
2012/09/28,1118.6
2012/09/29,
2012/09/30,
2012/10/01,
2012/10/02,1112.9
2012/10/03,
2012/10/04,1112.7
2012/10/05,1113.3
2012/10/06,
2012/10/07,
2012/10/08,1110.6
2012/10/09,1111.3
2012/10/10,1110.6
2012/10/11,1114.3
2012/10/12,1115.4
2012/10/13,
2012/10/14,
2012/10/15,1111.1
2012/10/16,1112.1
2012/10/17,1107.1
2012/10/18,1105.0
2012/10/19,1104.8
2012/10/20,
2012/10/21,
2012/10/22,1105.3
2012/10/23,1105.1
2012/10/24,1102.3
2012/10/25,1103.7
2012/10/26,1101.4
2012/10/27,
2012/10/28,
2012/10/29,1096.5
2012/10/30,1095.9
2012/10/31,1094.1
2012/11/01,1090.6
2012/11/02,1090.9
2012/11/03,
2012/11/04,
2012/11/05,1091.2
2012/11/06,1091.7
2012/11/07,1091.5
2012/11/08,1087.1
2012/11/09,1088.2
2012/11/10,
2012/11/11,
2012/11/12,1089.6
2012/11/13,1088.4
2012/11/14,1090.3
2012/11/15,1087.3
2012/11/16,1086.7
2012/11/17,
2012/11/18,
2012/11/19,1089.3
2012/11/20,1086.9
2012/11/21,1083.0
2012/11/22,1083.2
2012/11/23,1084.1
2012/11/24,
2012/11/25,
2012/11/26,1086.3
2012/11/27,1084.9
2012/11/28,1084.1
2012/11/29,1085.4
2012/11/30,1084.7
2012/12/01,
2012/12/02,
2012/12/03,1083.2
2012/12/04,1083.5
2012/12/05,1083.7
2012/12/06,1082.5
2012/12/07,1082.7
2012/12/08,
2012/12/09,
2012/12/10,1082.6
2012/12/11,1079.4
2012/12/12,1077.3
2012/12/13,1075.7
2012/12/14,1072.3
2012/12/15,
2012/12/16,
2012/12/17,1073.9
2012/12/18,1072.9
2012/12/19,
2012/12/20,1071.8
2012/12/21,1073.4
2012/12/22,
2012/12/23,
2012/12/24,1075.4
2012/12/25,
2012/12/26,1074.8
2012/12/27,1073.8
2012/12/28,1072.5
2012/12/29,
2012/12/30,
2012/12/31,1071.1
2013/01/01,
2013/01/02,1071.1
2013/01/03,1064.7
2013/01/04,1063.8
2013/01/05,
2013/01/06,
2013/01/07,1064.1
2013/01/08,1063.4
2013/01/09,1063.2
2013/01/10,1062.1
2013/01/11,1061.0
2013/01/12,
2013/01/13,
2013/01/14,1056.5
2013/01/15,1056.1
2013/01/16,1055.4
2013/01/17,1058.9
2013/01/18,1058.2
2013/01/19,
2013/01/20,
2013/01/21,1056.1
2013/01/22,1060.0
2013/01/23,1064.4
2013/01/24,1065.4
2013/01/25,1068.4
2013/01/26,
2013/01/27,
2013/01/28,1071.8
2013/01/29,1082.5
2013/01/30,1088.0
2013/01/31,1082.7
2013/02/01,1088.9
2013/02/02,
2013/02/03,
2013/02/04,1092.9
2013/02/05,1089.0
2013/02/06,1086.8
2013/02/07,1088.8
2013/02/08,1089.3
2013/02/09,
2013/02/10,
2013/02/11,
2013/02/12,1093.8
2013/02/13,1094.2
2013/02/14,1086.4
2013/02/15,1084.7
2013/02/16,
2013/02/17,
2013/02/18,1079.0
2013/02/19,1082.6
2013/02/20,1081.4
2013/02/21,1077.8
2013/02/22,1084.1
2013/02/23,
2013/02/24,
2013/02/25,1086.4
2013/02/26,1087.4
2013/02/27,1088.0
2013/02/28,1085.4
2013/03/01,
2013/03/02,
2013/03/03,
2013/03/04,1081.9
2013/03/05,1091.4
2013/03/06,1087.0
2013/03/07,1083.6
2013/03/08,1086.4
2013/03/09,
2013/03/10,
2013/03/11,1090.3
2013/03/12,1098.3
2013/03/13,1095.0
2013/03/14,1097.5
2013/03/15,1105.0
2013/03/16,
2013/03/17,
2013/03/18,1109.9
2013/03/19,1114.8
2013/03/20,1110.2
2013/03/21,1117.5
2013/03/22,1116.2
2013/03/23,
2013/03/24,
2013/03/25,1117.2
2013/03/26,1112.5
2013/03/27,1107.9
2013/03/28,1109.2
2013/03/29,1112.1
2013/03/30,
2013/03/31,
2013/04/01,1112.5
2013/04/02,1115.5
2013/04/03,1112.8
2013/04/04,1120.6
2013/04/05,1123.8
2013/04/06,
2013/04/07,
2013/04/08,1127.1
2013/04/09,1138.3
2013/04/10,1138.9
2013/04/11,1138.3
2013/04/12,1129.0
2013/04/13,
2013/04/14,
2013/04/15,1131.1
2013/04/16,1124.7
2013/04/17,1119.6
2013/04/18,1115.3
2013/04/19,1122.0
2013/04/20,
2013/04/21,
2013/04/22,1118.5
2013/04/23,1121.7
2013/04/24,1120.2
2013/04/25,1119.2
2013/04/26,1113.9
2013/04/27,
2013/04/28,
2013/04/29,1109.2
2013/04/30,1108.1
2013/05/01,
2013/05/02,1102.2
2013/05/03,1099.7
2013/05/04,
2013/05/05,
2013/05/06,1099.9
2013/05/07,1094.0
2013/05/08,1094.0
2013/05/09,1087.7
2013/05/10,1087.0
2013/05/11,
2013/05/12,
2013/05/13,1102.6
2013/05/14,1114.6
2013/05/15,1109.4
2013/05/16,1113.6
2013/05/17,
2013/05/18,
2013/05/19,
2013/05/20,1114.3
2013/05/21,1118.1
2013/05/22,1112.9
2013/05/23,1112.4
2013/05/24,1123.7
2013/05/25,
2013/05/26,
2013/05/27,1128.0
2013/05/28,1125.1
2013/05/29,1125.5
2013/05/30,1131.0
2013/05/31,1128.3
2013/06/01,
2013/06/02,
2013/06/03,1126.6
2013/06/04,1128.1
2013/06/05,1121.8
2013/06/06,
2013/06/07,1119.2
2013/06/08,
2013/06/09,
2013/06/10,1111.4
2013/06/11,1123.6
2013/06/12,1133.7
2013/06/13,1131.2
2013/06/14,1134.8
2013/06/15,
2013/06/16,
2013/06/17,1128.2
2013/06/18,1128.0
2013/06/19,1129.9
2013/06/20,1133.0
2013/06/21,1144.6
2013/06/22,
2013/06/23,
2013/06/24,1155.6
2013/06/25,1157.1
2013/06/26,1159.1
2013/06/27,1153.4
2013/06/28,1149.7
2013/06/29,
2013/06/30,
2013/07/01,1145.3
2013/07/02,1136.9
2013/07/03,1132.9
2013/07/04,1140.6
2013/07/05,1140.2
2013/07/06,
2013/07/07,
2013/07/08,1141.7
2013/07/09,1151.4
2013/07/10,1144.7
2013/07/11,1138.8
2013/07/12,1124.9
2013/07/13,
2013/07/14,
2013/07/15,1122.3
2013/07/16,1122.6
2013/07/17,1119.0
2013/07/18,1118.1
2013/07/19,1122.3
2013/07/20,
2013/07/21,
2013/07/22,1123.5
2013/07/23,1118.5
2013/07/24,1116.5
2013/07/25,1114.1
2013/07/26,1117.3
2013/07/27,
2013/07/28,
2013/07/29,1111.7
2013/07/30,1109.4
2013/07/31,1113.6
2013/08/01,1119.6
2013/08/02,1121.4
2013/08/03,
2013/08/04,
2013/08/05,1125.4
2013/08/06,1116.3
2013/08/07,1114.2
2013/08/08,1117.3
2013/08/09,1113.6
2013/08/10,
2013/08/11,
2013/08/12,1111.8
2013/08/13,1113.0
2013/08/14,1116.5
2013/08/15,
2013/08/16,1119.5
2013/08/17,
2013/08/18,
2013/08/19,1115.0
2013/08/20,1113.7
2013/08/21,1121.9
2013/08/22,1118.1
2013/08/23,1124.3
2013/08/24,
2013/08/25,
2013/08/26,1118.2
2013/08/27,1113.0
2013/08/28,1115.8
2013/08/29,1117.0
2013/08/30,1110.9
2013/08/31,
2013/09/01,
2013/09/02,1109.6
2013/09/03,1104.1
2013/09/04,1095.9
2013/09/05,1099.8
2013/09/06,1093.8
2013/09/07,
2013/09/08,
2013/09/09,1095.4
2013/09/10,1088.2
2013/09/11,1084.9
2013/09/12,1087.1
2013/09/13,1083.2
2013/09/14,
2013/09/15,
2013/09/16,1085.3
2013/09/17,1082.2
2013/09/18,
2013/09/19,
2013/09/20,
2013/09/21,
2013/09/22,
2013/09/23,1085.2
2013/09/24,1075.9
2013/09/25,1074.9
2013/09/26,1076.8
2013/09/27,1074.4
2013/09/28,
2013/09/29,
2013/09/30,1075.6
2013/10/01,1075.2
2013/10/02,1074.5
2013/10/03,
2013/10/04,1074.6
2013/10/05,
2013/10/06,
2013/10/07,1071.6
2013/10/08,1070.5
2013/10/09,
2013/10/10,1073.6
2013/10/11,1075.7
2013/10/12,
2013/10/13,
2013/10/14,1070.5
2013/10/15,1072.3
2013/10/16,1067.9
2013/10/17,1067.1
2013/10/18,1064.4
2013/10/19,
2013/10/20,
2013/10/21,1061.4
2013/10/22,1062.0
2013/10/23,1061.7
2013/10/24,1056.5
2013/10/25,1057.2
2013/10/26,
2013/10/27,
2013/10/28,1062.3
2013/10/29,1061.4
2013/10/30,1060.9
2013/10/31,1061.4
2013/11/01,1059.9
2013/11/02,
2013/11/03,
2013/11/04,1062.6
2013/11/05,1062.1
2013/11/06,1062.0
2013/11/07,1062.0
2013/11/08,1060.7
2013/11/09,
2013/11/10,
2013/11/11,1063.5
2013/11/12,1068.5
2013/11/13,1070.9
2013/11/14,1072.9
2013/11/15,1067.3
2013/11/16,
2013/11/17,
2013/11/18,1066.7
2013/11/19,1060.7
2013/11/20,1055.8
2013/11/21,1056.3
2013/11/22,1061.9
2013/11/23,
2013/11/24,
2013/11/25,1061.6
2013/11/26,1060.6
2013/11/27,1060.3
2013/11/28,1060.9
2013/11/29,1062.1
2013/11/30,
2013/12/01,
2013/12/02,1058.9
2013/12/03,1057.7
2013/12/04,1061.3
2013/12/05,1061.2
2013/12/06,1060.7
2013/12/07,
2013/12/08,
2013/12/09,1058.2
2013/12/10,1053.1
2013/12/11,1052.5
2013/12/12,1051.9
2013/12/13,1053.5
2013/12/14,
2013/12/15,
2013/12/16,1053.1
2013/12/17,1052.6
2013/12/18,1051.5
2013/12/19,1052.1
2013/12/20,1058.1
2013/12/21,
2013/12/22,
2013/12/23,1061.9
2013/12/24,1061.0
2013/12/25,
2013/12/26,1060.4
2013/12/27,1059.4
2013/12/28,
2013/12/29,
2013/12/30,1055.6
2013/12/31,1055.3
2014/01/01,
2014/01/02,1055.3
2014/01/03,1050.4
2014/01/04,
2014/01/05,
2014/01/06,1054.1
2014/01/07,1062.2
2014/01/08,1067.9
2014/01/09,1066.0
2014/01/10,1064.8
2014/01/11,
2014/01/12,
2014/01/13,1062.8
2014/01/14,1056.5
2014/01/15,1058.4
2014/01/16,1062.5
2014/01/17,1064.2
2014/01/18,
2014/01/19,
2014/01/20,1061.0
2014/01/21,1063.9
2014/01/22,1064.2
2014/01/23,1068.4
2014/01/24,1071.9
2014/01/25,
2014/01/26,
2014/01/27,1077.2
2014/01/28,1084.1
2014/01/29,1079.2
2014/01/30,
2014/01/31,
2014/02/01,
2014/02/02,
2014/02/03,1071.1
2014/02/04,1082.2
2014/02/05,1086.1
2014/02/06,1079.5
2014/02/07,1076.4
2014/02/08,
2014/02/09,
2014/02/10,1075.1
2014/02/11,1071.9
2014/02/12,1072.0
2014/02/13,1064.7
2014/02/14,1063.9
2014/02/15,
2014/02/16,
2014/02/17,1061.9
2014/02/18,1060.5
2014/02/19,1064.1
2014/02/20,1067.1
2014/02/21,1071.9
2014/02/22,
2014/02/23,
2014/02/24,1073.1
2014/02/25,1076.3
2014/02/26,1070.6
2014/02/27,1069.9
2014/02/28,1067.7
2014/03/01,
2014/03/02,
2014/03/03,1066.2
2014/03/04,1071.9
2014/03/05,1072.0
2014/03/06,1070.6
2014/03/07,1067.4
2014/03/08,
2014/03/09,
2014/03/10,1062.6
2014/03/11,1065.9
2014/03/12,1064.8
2014/03/13,1069.2
2014/03/14,1067.4
2014/03/15,
2014/03/16,
2014/03/17,1072.0
2014/03/18,1069.9
2014/03/19,1067.9
2014/03/20,1070.7
2014/03/21,1075.3
2014/03/22,
2014/03/23,
2014/03/24,1080.3
2014/03/25,1079.7
2014/03/26,1078.2
2014/03/27,1075.0
2014/03/28,1072.8
2014/03/29,
2014/03/30,
2014/03/31,1068.8
2014/04/01,1066.1
2014/04/02,1060.5
2014/04/03,1057.0
2014/04/04,1058.1
2014/04/05,
2014/04/06,
2014/04/07,1056.1
2014/04/08,1053.4
2014/04/09,1053.6
2014/04/10,1043.2
2014/04/11,1036.0
2014/04/12,
2014/04/13,
2014/04/14,1037.5
2014/04/15,1038.9
2014/04/16,1041.2
2014/04/17,1041.3
2014/04/18,1037.1
2014/04/19,
2014/04/20,
2014/04/21,1037.2
2014/04/22,1037.9
2014/04/23,1039.6
2014/04/24,1039.5
2014/04/25,1038.3
2014/04/26,
2014/04/27,
2014/04/28,1038.9
2014/04/29,1037.1
2014/04/30,1031.7
2014/05/01,
2014/05/02,1032.2
2014/05/03,
2014/05/04,
2014/05/05,
2014/05/06,
2014/05/07,1031.2
2014/05/08,1025.6
2014/05/09,1023.5
2014/05/10,
2014/05/11,
2014/05/12,1023.0
2014/05/13,1025.0
2014/05/14,1022.9
2014/05/15,1024.6
2014/05/16,1026.5
2014/05/17,
2014/05/18,
2014/05/19,1025.8
2014/05/20,1022.7
2014/05/21,1024.1
2014/05/22,1026.7
2014/05/23,1025.2
2014/05/24,
2014/05/25,
2014/05/26,1024.3
2014/05/27,1023.9
2014/05/28,1023.4
2014/05/29,1022.6
2014/05/30,1021.6
2014/05/31,
2014/06/01,
2014/06/02,1020.4
2014/06/03,1023.6
2014/06/04,
2014/06/05,1024.3
2014/06/06,
2014/06/07,
2014/06/08,
2014/06/09,1022.6
2014/06/10,1017.4
2014/06/11,1016.5
2014/06/12,1016.5
2014/06/13,1017.5
2014/06/14,
2014/06/15,
2014/06/16,1018.0
2014/06/17,1019.5
2014/06/18,1022.1
2014/06/19,1023.1
2014/06/20,1018.3
2014/06/21,
2014/06/22,
2014/06/23,1019.6
2014/06/24,1018.4
2014/06/25,1018.0
2014/06/26,1020.6
2014/06/27,1017.0
2014/06/28,
2014/06/29,
2014/06/30,1014.4
2014/07/01,1012.1
2014/07/02,1011.8
2014/07/03,1009.8
2014/07/04,1009.6
2014/07/05,
2014/07/06,
2014/07/07,1008.9
2014/07/08,1009.9
2014/07/09,1011.2
2014/07/10,1012.2
2014/07/11,1011.9
2014/07/12,
2014/07/13,
2014/07/14,1018.0
2014/07/15,1018.5
2014/07/16,1023.7
2014/07/17,1032.7
2014/07/18,1029.6
2014/07/19,
2014/07/20,
2014/07/21,1031.9
2014/07/22,1027.5
2014/07/23,1024.6
2014/07/24,1022.8
2014/07/25,1028.0
2014/07/26,
2014/07/27,
2014/07/28,1029.4
2014/07/29,1025.2
2014/07/30,1024.7
2014/07/31,1024.3
2014/08/01,1026.2
2014/08/02,
2014/08/03,
2014/08/04,1033.7
2014/08/05,1031.7
2014/08/06,1030.8
2014/08/07,1034.3
2014/08/08,1034.4
2014/08/09,
2014/08/10,
2014/08/11,1037.4
2014/08/12,1030.6
2014/08/13,1028.3
2014/08/14,1028.1
2014/08/15,
2014/08/16,
2014/08/17,
2014/08/18,1024.9
2014/08/19,1017.7
2014/08/20,1018.0
2014/08/21,1020.9
2014/08/22,1023.9
2014/08/23,
2014/08/24,
2014/08/25,1019.5
2014/08/26,1020.6
2014/08/27,1018.0
2014/08/28,1014.6
2014/08/29,1013.6
2014/08/30,
2014/08/31,
2014/09/01,1014.9
2014/09/02,1014.3
2014/09/03,1015.6
2014/09/04,1018.9
2014/09/05,1018.0
2014/09/06,
2014/09/07,
2014/09/08,
2014/09/09,
2014/09/10,
2014/09/11,1024.6
2014/09/12,1034.4
2014/09/13,
2014/09/14,
2014/09/15,1038.0
2014/09/16,1038.9
2014/09/17,1035.2
2014/09/18,1033.9
2014/09/19,1041.5
2014/09/20,
2014/09/21,
2014/09/22,1044.9
2014/09/23,1040.7
2014/09/24,1042.1
2014/09/25,1039.8
2014/09/26,1042.6
2014/09/27,
2014/09/28,
2014/09/29,1042.7
2014/09/30,1050.6
2014/10/01,1054.7
2014/10/02,1062.1
2014/10/03,
2014/10/04,
2014/10/05,
2014/10/06,1061.1
2014/10/07,1069.7
2014/10/08,1066.5
2014/10/09,
2014/10/10,1072.3
2014/10/11,
2014/10/12,
2014/10/13,1071.0
2014/10/14,1069.1
2014/10/15,1063.5
2014/10/16,1065.8
2014/10/17,1059.9
2014/10/18,
2014/10/19,
2014/10/20,1062.7
2014/10/21,1060.4
2014/10/22,1054.5
2014/10/23,1053.7
2014/10/24,1055.4
2014/10/25,
2014/10/26,
2014/10/27,1059.3
2014/10/28,1052.6
2014/10/29,1050.6
2014/10/30,1047.0
2014/10/31,1054.0
2014/11/01,
2014/11/02,
2014/11/03,1058.8
2014/11/04,1075.1
2014/11/05,1079.9
2014/11/06,1078.7
2014/11/07,1089.1
2014/11/08,
2014/11/09,
2014/11/10,1092.5
2014/11/11,1085.2
2014/11/12,1089.9
2014/11/13,1098.5
2014/11/14,1097.5
2014/11/15,
2014/11/16,
2014/11/17,1099.6
2014/11/18,1097.0
2014/11/19,1098.9
2014/11/20,1104.2
2014/11/21,1113.1
2014/11/22,
2014/11/23,
2014/11/24,1110.9
2014/11/25,1112.2
2014/11/26,1112.8
2014/11/27,1107.0
2014/11/28,1101.1
2014/11/29,
2014/11/30,
2014/12/01,1105.0
2014/12/02,1116.2
2014/12/03,1106.8
2014/12/04,1114.4
2014/12/05,1115.8
2014/12/06,
2014/12/07,
2014/12/08,1113.2
2014/12/09,1118.3
2014/12/10,1112.0
2014/12/11,1104.5
2014/12/12,1098.1
2014/12/13,
2014/12/14,
2014/12/15,1103.9
2014/12/16,1103.0
2014/12/17,1092.4
2014/12/18,1088.1
2014/12/19,1103.2
2014/12/20,
2014/12/21,
2014/12/22,1101.3
2014/12/23,1097.3
2014/12/24,1100.5
2014/12/25,
2014/12/26,1104.3
2014/12/27,
2014/12/28,
2014/12/29,1099.5
2014/12/30,1098.2
2014/12/31,1099.2
2015/01/01,
2015/01/02,1099.2
2015/01/03,
2015/01/04,
2015/01/05,1102.6
2015/01/06,1108.7
2015/01/07,1103.9
2015/01/08,1099.7
2015/01/09,1098.5
2015/01/10,
2015/01/11,
2015/01/12,1092.2
2015/01/13,1083.0
2015/01/14,1081.5
2015/01/15,1079.9
2015/01/16,1084.1
2015/01/17,
2015/01/18,
2015/01/19,1077.3
2015/01/20,1079.8
2015/01/21,1084.4
2015/01/22,1086.8
2015/01/23,1085.3
2015/01/24,
2015/01/25,
2015/01/26,1084.1
2015/01/27,1079.3
2015/01/28,1082.1
2015/01/29,1082.9
2015/01/30,1090.8
2015/01/31,
2015/02/01,
2015/02/02,1095.9
2015/02/03,1101.2
2015/02/04,1098.3
2015/02/05,1089.2
2015/02/06,1089.2
2015/02/07,
2015/02/08,
2015/02/09,1088.3
2015/02/10,1097.0
2015/02/11,1090.8
2015/02/12,1096.9
2015/02/13,1107.5
2015/02/14,
2015/02/15,
2015/02/16,1098.4
2015/02/17,1098.7
2015/02/18,
2015/02/19,
2015/02/20,
2015/02/21,
2015/02/22,
2015/02/23,1101.3
2015/02/24,1109.8
2015/02/25,1108.6
2015/02/26,1102.5
2015/02/27,1099.2
2015/02/28,
2015/03/01,
2015/03/02,1099.5
2015/03/03,1102.5
2015/03/04,1100.0
2015/03/05,1096.5
2015/03/06,1100.1
2015/03/07,
2015/03/08,
2015/03/09,1099.5
2015/03/10,1110.3
2015/03/11,1119.5
2015/03/12,1126.6
2015/03/13,1130.9
2015/03/14,
2015/03/15,
2015/03/16,1125.6
2015/03/17,1133.9
2015/03/18,1130.1
2015/03/19,1126.6
2015/03/20,1114.0
2015/03/21,
2015/03/22,
2015/03/23,1121.7
2015/03/24,1115.9
2015/03/25,1107.1
2015/03/26,1102.7
2015/03/27,1104.2
2015/03/28,
2015/03/29,
2015/03/30,1104.3
2015/03/31,1105.0
2015/04/01,1109.4
2015/04/02,1103.8
2015/04/03,1098.0
2015/04/04,
2015/04/05,
2015/04/06,1094.6
2015/04/07,1086.0
2015/04/08,1089.7
2015/04/09,1093.4
2015/04/10,1093.9
2015/04/11,
2015/04/12,
2015/04/13,1094.6
2015/04/14,1096.6
2015/04/15,1096.8
2015/04/16,1096.0
2015/04/17,1089.0
2015/04/18,
2015/04/19,
2015/04/20,1085.1
2015/04/21,1082.7
2015/04/22,1083.5
2015/04/23,1081.8
2015/04/24,1083.2
2015/04/25,
2015/04/26,
2015/04/27,1079.0
2015/04/28,1074.5
2015/04/29,1070.9
2015/04/30,1068.1
2015/05/01,
2015/05/02,
2015/05/03,
2015/05/04,1069.5
2015/05/05,
2015/05/06,1080.5
2015/05/07,1081.0
2015/05/08,1086.6
2015/05/09,
2015/05/10,
2015/05/11,1091.3
2015/05/12,1089.9
2015/05/13,1096.2
2015/05/14,1094.9
2015/05/15,1093.6
2015/05/16,
2015/05/17,
2015/05/18,1089.2
2015/05/19,1085.5
2015/05/20,1090.9
2015/05/21,1095.2
2015/05/22,1094.4
2015/05/23,
2015/05/24,
2015/05/25,
2015/05/26,1090.8
2015/05/27,1098.4
2015/05/28,1107.0
2015/05/29,1108.0
2015/05/30,
2015/05/31,
2015/06/01,1107.6
2015/06/02,1111.6
2015/06/03,1114.5
2015/06/04,1106.0
2015/06/05,1109.9
2015/06/06,
2015/06/07,
2015/06/08,1112.1
2015/06/09,1121.5
2015/06/10,1119.3
2015/06/11,1117.3
2015/06/12,1110.4
2015/06/13,
2015/06/14,
2015/06/15,1111.9
2015/06/16,1116.2
2015/06/17,1117.3
2015/06/18,1117.6
2015/06/19,1109.9
2015/06/20,
2015/06/21,
2015/06/22,1104.0
2015/06/23,1099.9
2015/06/24,1104.1
2015/06/25,1108.4
2015/06/26,1109.6
2015/06/27,
2015/06/28,
2015/06/29,1115.1
2015/06/30,1124.1
2015/07/01,1118.3
2015/07/02,1118.5
2015/07/03,1123.2
2015/07/04,
2015/07/05,
2015/07/06,1120.1
2015/07/07,1126.3
2015/07/08,1129.6
2015/07/09,1135.7
2015/07/10,1136.2
2015/07/11,
2015/07/12,
2015/07/13,1130.0
2015/07/14,1131.5
2015/07/15,1139.4
2015/07/16,1141.5
2015/07/17,1148.4
2015/07/18,
2015/07/19,
2015/07/20,1146.3
2015/07/21,1151.9
2015/07/22,1158.4
2015/07/23,1152.6
2015/07/24,1162.3
2015/07/25,
2015/07/26,
2015/07/27,1164.6
2015/07/28,1168.9
2015/07/29,1166.2
2015/07/30,1157.9
2015/07/31,1166.3
2015/08/01,
2015/08/02,
2015/08/03,1169.4
2015/08/04,1165.2
2015/08/05,1169.3
2015/08/06,1172.1
2015/08/07,1170.2
2015/08/08,
2015/08/09,
2015/08/10,1164.3
2015/08/11,1165.3
2015/08/12,1170.4
2015/08/13,1190.3
2015/08/14,
2015/08/15,
2015/08/16,
2015/08/17,1174.2
2015/08/18,1182.2
2015/08/19,1184.7
2015/08/20,1185.1
2015/08/21,1185.1
2015/08/22,
2015/08/23,
2015/08/24,1192.0
2015/08/25,1198.1
2015/08/26,1194.6
2015/08/27,1188.9
2015/08/28,1184.3
2015/08/29,
2015/08/30,
2015/08/31,1176.3
2015/09/01,1183.0
2015/09/02,1175.6
2015/09/03,1178.0
2015/09/04,1187.6
2015/09/05,
2015/09/06,
2015/09/07,1191.0
2015/09/08,1202.0
2015/09/09,1203.1
2015/09/10,1192.0
2015/09/11,1195.8
2015/09/12,
2015/09/13,
2015/09/14,1183.8
2015/09/15,1181.0
2015/09/16,1182.4
2015/09/17,1179.4
2015/09/18,1169.7
2015/09/19,
2015/09/20,
2015/09/21,1166.7
2015/09/22,1173.0
2015/09/23,1177.2
2015/09/24,1187.5
2015/09/25,1191.8
2015/09/26,
2015/09/27,
2015/09/28,
2015/09/29,
2015/09/30,1194.5
2015/10/01,1190.4
2015/10/02,1179.0
2015/10/03,
2015/10/04,
2015/10/05,1180.5
2015/10/06,1172.1
2015/10/07,1164.8
2015/10/08,1165.2
2015/10/09,
2015/10/10,
2015/10/11,
2015/10/12,1159.4
2015/10/13,1147.4
2015/10/14,1147.5
2015/10/15,1150.1
2015/10/16,1133.7
2015/10/17,
2015/10/18,
2015/10/19,1128.9
2015/10/20,1125.3
2015/10/21,1130.1
2015/10/22,1131.3
2015/10/23,1138.2
2015/10/24,
2015/10/25,
2015/10/26,1127.4
2015/10/27,1134.1
2015/10/28,1131.2
2015/10/29,1132.9
2015/10/30,1142.3
2015/10/31,
2015/11/01,
2015/11/02,1138.6
2015/11/03,1140.1
2015/11/04,1133.4
2015/11/05,1129.5
2015/11/06,1137.1
2015/11/07,
2015/11/08,
2015/11/09,1138.6
2015/11/10,1154.1
2015/11/11,1158.2
2015/11/12,1154.8
2015/11/13,1154.5
2015/11/14,
2015/11/15,
2015/11/16,1161.3
2015/11/17,1172.7
2015/11/18,1169.2
2015/11/19,1173.4
2015/11/20,1164.2
2015/11/21,
2015/11/22,
2015/11/23,1156.9
2015/11/24,1157.9
2015/11/25,1155.6
2015/11/26,1145.1
2015/11/27,1145.7
2015/11/28,
2015/11/29,
2015/11/30,1150.4
2015/12/01,1157.7
2015/12/02,1158.1
2015/12/03,1159.3
2015/12/04,1167.4
2015/12/05,
2015/12/06,
2015/12/07,1156.8
2015/12/08,1166.4
2015/12/09,1176.0
2015/12/10,1178.2
2015/12/11,1177.5
2015/12/12,
2015/12/13,
2015/12/14,1179.7
2015/12/15,1186.1
2015/12/16,1182.9
2015/12/17,1178.2
2015/12/18,1178.9
2015/12/19,
2015/12/20,
2015/12/21,1184.3
2015/12/22,1178.2
2015/12/23,1176.1
2015/12/24,1171.7
2015/12/25,
2015/12/26,
2015/12/27,
2015/12/28,1171.0
2015/12/29,1165.0
2015/12/30,1167.7
2015/12/31,1172.0
2016/01/01,
2016/01/02,
2016/01/03,
2016/01/04,1172.0
2016/01/05,1184.3
2016/01/06,1187.7
2016/01/07,1193.9
2016/01/08,1199.7
2016/01/09,
2016/01/10,
2016/01/11,1196.2
2016/01/12,1208.6
2016/01/13,1208.5
2016/01/14,1206.4
2016/01/15,1212.7
2016/01/16,
2016/01/17,
2016/01/18,1211.0
2016/01/19,1212.5
2016/01/20,1209.9
2016/01/21,1211.6
2016/01/22,1209.9
2016/01/23,
2016/01/24,
2016/01/25,1203.2
2016/01/26,1194.4
2016/01/27,1201.4
2016/01/28,1201.0
2016/01/29,1208.4
2016/01/30,
2016/01/31,
2016/02/01,1206.2
2016/02/02,1204.5
2016/02/03,1203.1
2016/02/04,1216.7
2016/02/05,1202.7
2016/02/06,
2016/02/07,
2016/02/08,
2016/02/09,
2016/02/10,
2016/02/11,1195.1
2016/02/12,1197.0
2016/02/13,
2016/02/14,
2016/02/15,1206.5
2016/02/16,1209.9
2016/02/17,1216.6
2016/02/18,1224.8
2016/02/19,1225.7
2016/02/20,
2016/02/21,
2016/02/22,1233.9
2016/02/23,1233.2
2016/02/24,1230.1
2016/02/25,1234.8
2016/02/26,1236.1
2016/02/27,
2016/02/28,
2016/02/29,1235.4
2016/03/01,
2016/03/02,1240.9
2016/03/03,1232.7
2016/03/04,1218.9
2016/03/05,
2016/03/06,
2016/03/07,1208.5
2016/03/08,1200.7
2016/03/09,1205.2
2016/03/10,1214.5
2016/03/11,1208.8
2016/03/12,
2016/03/13,
2016/03/14,1200.1
2016/03/15,1186.5
2016/03/16,1189.2
2016/03/17,1192.7
2016/03/18,1174.5
2016/03/19,
2016/03/20,
2016/03/21,1161.3
2016/03/22,1165.3
2016/03/23,1159.5
2016/03/24,1158.8
2016/03/25,1167.1
2016/03/26,
2016/03/27,
2016/03/28,1169.4
2016/03/29,1169.6
2016/03/30,1163.0
2016/03/31,1153.5
2016/04/01,1144.5
2016/04/02,
2016/04/03,
2016/04/04,1148.9
2016/04/05,1147.8
2016/04/06,1155.0
2016/04/07,1155.9
2016/04/08,1154.5
2016/04/09,
2016/04/10,
2016/04/11,1156.5
2016/04/12,1149.2
2016/04/13,
2016/04/14,1144.7
2016/04/15,1153.4
2016/04/16,
2016/04/17,
2016/04/18,1150.7
2016/04/19,1151.1
2016/04/20,1140.5
2016/04/21,1132.3
2016/04/22,1134.9
2016/04/23,
2016/04/24,
2016/04/25,1141.1
2016/04/26,1149.7
2016/04/27,1149.7
2016/04/28,1145.9
2016/04/29,1143.9
2016/04/30,
2016/05/01,
2016/05/02,1138.1
2016/05/03,1140.8
2016/05/04,1137.1
2016/05/05,
2016/05/06,
2016/05/07,
2016/05/08,
2016/05/09,1153.5
2016/05/10,1164.7
2016/05/11,1174.0
2016/05/12,1168.1
2016/05/13,1164.1
2016/05/14,
2016/05/15,
2016/05/16,1169.4
2016/05/17,1178.6
2016/05/18,1173.3
2016/05/19,1180.9
2016/05/20,1190.8
2016/05/21,
2016/05/22,
2016/05/23,1188.4
2016/05/24,1183.1
2016/05/25,1188.6
2016/05/26,1185.8
2016/05/27,1181.0
2016/05/28,
2016/05/29,
2016/05/30,1179.3
2016/05/31,1190.6
2016/06/01,1190.5
2016/06/02,1192.2
2016/06/03,1189.6
2016/06/04,
2016/06/05,
2016/06/06,
2016/06/07,1186.5
2016/06/08,1163.2
2016/06/09,1156.5
2016/06/10,1155.8
2016/06/11,
2016/06/12,
2016/06/13,1163.1
2016/06/14,1172.8
2016/06/15,1172.5
2016/06/16,1176.3
2016/06/17,1170.1
2016/06/18,
2016/06/19,
2016/06/20,1170.8
2016/06/21,1163.2
2016/06/22,1158.2
2016/06/23,1155.7
2016/06/24,1151.2
2016/06/25,
2016/06/26,
2016/06/27,1168.5
2016/06/28,1183.3
2016/06/29,1175.9
2016/06/30,1164.7
2016/07/01,1152.6
2016/07/02,
2016/07/03,
2016/07/04,1147.5
2016/07/05,1148.1
2016/07/06,1153.0
2016/07/07,1165.8
2016/07/08,1156.6
2016/07/09,
2016/07/10,
2016/07/11,1159.2
2016/07/12,1147.8
2016/07/13,1149.3
2016/07/14,1145.7
2016/07/15,1141.8
2016/07/16,
2016/07/17,
2016/07/18,1132.7
2016/07/19,1136.3
2016/07/20,1138.4
2016/07/21,1140.8
2016/07/22,1140.2
2016/07/23,
2016/07/24,
2016/07/25,1135.0
2016/07/26,1136.9
2016/07/27,1138.4
2016/07/28,1134.1
2016/07/29,1125.7
2016/07/30,
2016/07/31,
2016/08/01,1122.4
2016/08/02,1111.0
2016/08/03,1108.9
2016/08/04,1114.0
2016/08/05,1113.8
2016/08/06,
2016/08/07,
2016/08/08,1111.3
2016/08/09,1112.7
2016/08/10,1107.2
2016/08/11,1096.1
2016/08/12,1098.6
2016/08/13,
2016/08/14,
2016/08/15,
2016/08/16,1101.1
2016/08/17,1095.0
2016/08/18,1102.3
2016/08/19,1106.4
2016/08/20,
2016/08/21,
2016/08/22,1115.2
2016/08/23,1125.3
2016/08/24,1117.4
2016/08/25,1121.6
2016/08/26,1119.0
2016/08/27,
2016/08/28,
2016/08/29,1113.9
2016/08/30,1125.2
2016/08/31,1118.5
2016/09/01,1117.4
2016/09/02,1119.3
2016/09/03,
2016/09/04,
2016/09/05,1117.6
2016/09/06,1108.2
2016/09/07,1105.0
2016/09/08,1093.2
2016/09/09,1093.2
2016/09/10,
2016/09/11,
2016/09/12,1099.5
2016/09/13,1110.6
2016/09/14,
2016/09/15,
2016/09/16,
2016/09/17,
2016/09/18,
2016/09/19,1112.3
2016/09/20,1120.0
2016/09/21,1119.5
2016/09/22,1116.8
2016/09/23,1103.1
2016/09/24,
2016/09/25,
2016/09/26,1104.2
2016/09/27,1106.9
2016/09/28,1103.5
2016/09/29,1095.7
2016/09/30,1096.3
2016/10/01,
2016/10/02,
2016/10/03,
2016/10/04,1102.0
2016/10/05,1105.1
2016/10/06,1113.8
2016/10/07,1111.3
2016/10/08,
2016/10/09,
2016/10/10,1115.7
2016/10/11,1111.0
2016/10/12,1117.2
2016/10/13,1123.3
2016/10/14,1130.5
2016/10/15,
2016/10/16,
2016/10/17,1132.9
2016/10/18,1140.3
2016/10/19,1132.3
2016/10/20,1122.8
2016/10/21,1124.0
2016/10/22,
2016/10/23,
2016/10/24,1134.5
2016/10/25,1134.5
2016/10/26,1136.5
2016/10/27,1132.4
2016/10/28,1140.2
2016/10/29,
2016/10/30,
2016/10/31,1145.2
2016/11/01,1144.6
2016/11/02,1141.8
2016/11/03,1148.7
2016/11/04,1140.6
2016/11/05,
2016/11/06,
2016/11/07,1143.4
2016/11/08,1141.6
2016/11/09,1137.5
2016/11/10,1145.8
2016/11/11,1151.0
2016/11/12,
2016/11/13,
2016/11/14,1164.4
2016/11/15,1169.8
2016/11/16,1168.8
2016/11/17,1167.2
2016/11/18,1174.4
2016/11/19,
2016/11/20,
2016/11/21,1182.3
2016/11/22,1183.6
2016/11/23,1175.5
2016/11/24,1174.9
2016/11/25,1182.4
2016/11/26,
2016/11/27,
2016/11/28,1178.9
2016/11/29,1170.3
2016/11/30,1168.5
2016/12/01,1168.0
2016/12/02,1172.6
2016/12/03,
2016/12/04,
2016/12/05,1170.5
2016/12/06,1173.8
2016/12/07,1169.5
2016/12/08,1169.4
2016/12/09,1159.1
2016/12/10,
2016/12/11,
2016/12/12,1166.2
2016/12/13,1170.2
2016/12/14,1165.5
2016/12/15,1168.3
2016/12/16,1180.1
2016/12/17,
2016/12/18,
2016/12/19,1183.4
2016/12/20,1186.4
2016/12/21,1191.2
2016/12/22,1194.2
2016/12/23,1198.0
2016/12/24,
2016/12/25,
2016/12/26,1202.9
2016/12/27,1199.4
2016/12/28,1205.3
2016/12/29,1207.6
2016/12/30,1208.5
2016/12/31,
2017/01/01,
2017/01/02,1208.5
2017/01/03,1207.8
2017/01/04,1206.2
2017/01/05,1206.7
2017/01/06,1191.6
2017/01/07,
2017/01/08,
2017/01/09,1189.1
2017/01/10,1205.5
2017/01/11,1198.7
2017/01/12,1196.4
2017/01/13,1182.8
2017/01/14,
2017/01/15,
2017/01/16,1177.7
2017/01/17,1180.5
2017/01/18,1180.9
2017/01/19,1165.6
2017/01/20,1177.1
2017/01/21,
2017/01/22,
2017/01/23,1172.5
2017/01/24,1166.7
2017/01/25,1163.6
2017/01/26,1166.2
2017/01/27,
2017/01/28,
2017/01/29,
2017/01/30,
2017/01/31,1157.8
2017/02/01,1165.5
2017/02/02,1155.2
2017/02/03,1149.2
2017/02/04,
2017/02/05,
2017/02/06,1146.8
2017/02/07,1137.7
2017/02/08,1142.1
2017/02/09,1145.4
2017/02/10,1145.7
2017/02/11,
2017/02/12,
2017/02/13,1151.4
2017/02/14,1151.9
2017/02/15,1144.5
2017/02/16,1141.6
2017/02/17,1138.9
2017/02/18,
2017/02/19,
2017/02/20,1145.3
2017/02/21,1147.6
2017/02/22,1146.8
2017/02/23,1140.9
2017/02/24,1138.8
2017/02/25,
2017/02/26,
2017/02/27,1131.0
2017/02/28,1132.1
2017/03/01,
2017/03/02,1132.3
2017/03/03,1142.0
2017/03/04,
2017/03/05,
2017/03/06,1152.7
2017/03/07,1156.1
2017/03/08,1151.2
2017/03/09,1146.6
2017/03/10,1156.1
2017/03/11,
2017/03/12,
2017/03/13,1158.2
2017/03/14,1147.7
2017/03/15,1147.3
2017/03/16,1146.3
2017/03/17,1131.7
2017/03/18,
2017/03/19,
2017/03/20,1131.4
2017/03/21,1124.5
2017/03/22,1117.5
2017/03/23,1123.8
2017/03/24,1120.0
2017/03/25,
2017/03/26,
2017/03/27,1122.7
2017/03/28,1114.2
2017/03/29,1112.5
2017/03/30,1114.0
2017/03/31,1116.1
2017/04/01,
2017/04/02,
2017/04/03,1119.3
2017/04/04,1113.8
2017/04/05,1118.9
2017/04/06,1124.0
2017/04/07,1131.0
2017/04/08,
2017/04/09,
2017/04/10,1134.6
2017/04/11,1141.6
2017/04/12,1145.8
2017/04/13,1145.2
2017/04/14,1131.9
2017/04/15,
2017/04/16,
2017/04/17,1138.8
2017/04/18,1136.5
2017/04/19,1137.9
2017/04/20,1139.8
2017/04/21,1141.4
2017/04/22,
2017/04/23,
2017/04/24,1136.6
2017/04/25,1131.7
2017/04/26,1130.5
2017/04/27,1125.1
2017/04/28,1130.1
2017/04/29,
2017/04/30,
2017/05/01,
2017/05/02,1133.4
2017/05/03,
2017/05/04,1130.7
2017/05/05,
2017/05/06,
2017/05/07,
2017/05/08,1132.1
2017/05/09,
2017/05/10,1132.4
2017/05/11,1134.5
2017/05/12,1130.4
2017/05/13,
2017/05/14,
2017/05/15,1126.8
2017/05/16,1125.4
2017/05/17,1117.7
2017/05/18,1118.4
2017/05/19,1125.2
2017/05/20,
2017/05/21,
2017/05/22,1127.5
2017/05/23,1117.1
2017/05/24,1120.6
2017/05/25,1126.6
2017/05/26,1118.0
2017/05/27,
2017/05/28,
2017/05/29,1119.5
2017/05/30,1120.1
2017/05/31,1123.9
2017/06/01,1121.8
2017/06/02,1120.4
2017/06/03,
2017/06/04,
2017/06/05,1120.9
2017/06/06,
2017/06/07,1118.4
2017/06/08,1122.0
2017/06/09,1125.0
2017/06/10,
2017/06/11,
2017/06/12,1121.6
2017/06/13,1126.0
2017/06/14,1128.9
2017/06/15,1125.6
2017/06/16,1122.8
2017/06/17,
2017/06/18,
2017/06/19,1133.0
2017/06/20,1131.4
2017/06/21,1137.0
2017/06/22,1142.2
2017/06/23,1140.8
2017/06/24,
2017/06/25,
2017/06/26,1140.1
2017/06/27,1135.2
2017/06/28,1136.4
2017/06/29,1141.7
2017/06/30,1139.6
2017/07/01,
2017/07/02,
2017/07/03,1144.0
2017/07/04,1145.0
2017/07/05,1149.3
2017/07/06,1149.3
2017/07/07,1153.5
2017/07/08,
2017/07/09,
2017/07/10,1155.8
2017/07/11,1149.9
2017/07/12,1150.1
2017/07/13,1145.6
2017/07/14,1137.5
2017/07/15,
2017/07/16,
2017/07/17,1136.0
2017/07/18,1128.2
2017/07/19,1126.3
2017/07/20,1121.8
2017/07/21,1124.9
2017/07/22,
2017/07/23,
2017/07/24,1121.2
2017/07/25,1116.1
2017/07/26,1116.1
2017/07/27,1120.3
2017/07/28,1112.5
2017/07/29,
2017/07/30,
2017/07/31,1119.1
2017/08/01,1121.9
2017/08/02,1118.0
2017/08/03,1123.2
2017/08/04,1127.6
2017/08/05,
2017/08/06,
2017/08/07,1125.4
2017/08/08,1127.3
2017/08/09,1125.4
2017/08/10,1134.7
2017/08/11,1141.1
2017/08/12,
2017/08/13,
2017/08/14,1146.3
2017/08/15,
2017/08/16,1138.2
2017/08/17,1139.6
2017/08/18,1135.9
2017/08/19,
2017/08/20,
2017/08/21,1142.0
2017/08/22,1138.3
2017/08/23,1135.6
2017/08/24,1130.9
2017/08/25,1127.3
2017/08/26,
2017/08/27,
2017/08/28,1129.2
2017/08/29,1120.4
2017/08/30,1126.2
2017/08/31,1122.8
2017/09/01,1125.8
2017/09/02,
2017/09/03,
2017/09/04,1122.7
2017/09/05,1131.5
2017/09/06,1131.3
2017/09/07,1133.7
2017/09/08,1129.6
2017/09/09,
2017/09/10,
2017/09/11,1126.8
2017/09/12,1129.5
2017/09/13,1129.8
2017/09/14,1127.5
2017/09/15,1132.5
2017/09/16,
2017/09/17,
2017/09/18,1133.5
2017/09/19,1127.9
2017/09/20,1130.0
2017/09/21,1129.1
2017/09/22,1132.8
2017/09/23,
2017/09/24,
2017/09/25,1136.3
2017/09/26,1130.7
2017/09/27,1136.3
2017/09/28,1139.4
2017/09/29,1146.7
2017/09/30,
2017/10/01,
2017/10/02,
2017/10/03,
2017/10/04,
2017/10/05,
2017/10/06,
2017/10/07,
2017/10/08,
2017/10/09,
2017/10/10,1145.7
2017/10/11,1138.2
2017/10/12,1135.2
2017/10/13,1133.7
2017/10/14,
2017/10/15,
2017/10/16,1130.8
2017/10/17,1127.3
2017/10/18,1131.4
2017/10/19,1130.4
2017/10/20,1132.3
2017/10/21,
2017/10/22,
2017/10/23,1131.9
2017/10/24,1131.9
2017/10/25,1128.3
2017/10/26,1128.3
2017/10/27,1124.7
2017/10/28,
2017/10/29,
2017/10/30,1130.0
2017/10/31,1125.0
2017/11/01,1121.2
2017/11/02,1116.8
2017/11/03,1113.3
2017/11/04,
2017/11/05,
2017/11/06,1112.7
2017/11/07,1116.7
2017/11/08,1111.6
2017/11/09,1114.3
2017/11/10,1114.3
2017/11/11,
2017/11/12,
2017/11/13,1117.2
2017/11/14,1120.7
2017/11/15,1118.5
2017/11/16,1114.4
2017/11/17,1104.1
2017/11/18,
2017/11/19,
2017/11/20,1096.1
2017/11/21,1098.9
2017/11/22,1097.3
2017/11/23,1091.3
2017/11/24,1088.2
2017/11/25,
2017/11/26,
2017/11/27,1085.0
2017/11/28,1087.6
2017/11/29,1088.3
2017/11/30,1082.4
2017/12/01,1085.1
2017/12/02,
2017/12/03,
2017/12/04,1087.1
2017/12/05,1088.3
2017/12/06,1084.3
2017/12/07,1091.9
2017/12/08,1092.7
2017/12/09,
2017/12/10,
2017/12/11,1093.4
2017/12/12,1092.4
2017/12/13,1090.1
2017/12/14,1091.9
2017/12/15,1086.7
2017/12/16,
2017/12/17,
2017/12/18,1089.3
2017/12/19,1089.1
2017/12/20,1086.8
2017/12/21,1082.9
2017/12/22,1080.6
2017/12/23,
2017/12/24,
2017/12/25,
2017/12/26,1079.2
2017/12/27,1077.1
2017/12/28,1075.2
2017/12/29,1071.4
2017/12/30,
2017/12/31,
2018/01/01,
2018/01/02,1071.4
2018/01/03,1064.3
2018/01/04,1065.4
2018/01/05,1065.5
2018/01/06,
2018/01/07,
2018/01/08,1062.1
2018/01/09,1065.2
2018/01/10,1067.1
2018/01/11,1070.7
2018/01/12,1071.2
2018/01/13,
2018/01/14,
2018/01/15,1064.7
2018/01/16,1061.3
2018/01/17,1064.0
2018/01/18,1065.8
2018/01/19,1069.4
2018/01/20,
2018/01/21,
2018/01/22,1067.3
2018/01/23,1068.9
2018/01/24,1069.7
2018/01/25,1070.6
2018/01/26,1061.7
2018/01/27,
2018/01/28,
2018/01/29,1064.8
2018/01/30,1064.8
2018/01/31,1071.5
2018/02/01,1071.0
2018/02/02,1071.1
2018/02/03,
2018/02/04,
2018/02/05,1076.7
2018/02/06,1089.8
2018/02/07,1094.3
2018/02/08,1083.3
2018/02/09,1087.8
2018/02/10,
2018/02/11,
2018/02/12,1092.7
2018/02/13,1083.4
2018/02/14,1082.8
2018/02/15,
2018/02/16,
2018/02/17,
2018/02/18,
2018/02/19,1079.9
2018/02/20,1068.0
2018/02/21,1070.3
2018/02/22,1075.3
2018/02/23,1082.9
2018/02/24,
2018/02/25,
2018/02/26,1078.5
2018/02/27,1073.7
2018/02/28,1071.0
2018/03/01,
2018/03/02,1081.9
2018/03/03,
2018/03/04,
2018/03/05,1081.3
2018/03/06,1080.5
2018/03/07,1075.4
2018/03/08,1068.7
2018/03/09,1068.4
2018/03/10,
2018/03/11,
2018/03/12,1069.2
2018/03/13,1064.3
2018/03/14,1065.8
2018/03/15,1065.8
2018/03/16,1065.8
2018/03/17,
2018/03/18,
2018/03/19,1069.6
2018/03/20,1071.2
2018/03/21,1071.0
2018/03/22,1071.4
2018/03/23,1069.2
2018/03/24,
2018/03/25,
2018/03/26,1080.8
2018/03/27,1081.2
2018/03/28,1072.2
2018/03/29,1069.4
2018/03/30,1066.5
2018/03/31,
2018/04/01,
2018/04/02,1064.4
2018/04/03,1058.1
2018/04/04,1057.8
2018/04/05,1057.6
2018/04/06,1059.5
2018/04/07,
2018/04/08,
2018/04/09,1066.0
2018/04/10,1067.5
2018/04/11,1067.7
2018/04/12,1066.4
2018/04/13,1068.7
2018/04/14,
2018/04/15,
2018/04/16,1070.0
2018/04/17,1073.1
2018/04/18,1068.4
2018/04/19,1066.5
2018/04/20,1063.5
2018/04/21,
2018/04/22,
2018/04/23,1067.3
2018/04/24,1068.9
2018/04/25,1076.9
2018/04/26,1078.7
2018/04/27,1079.7
2018/04/28,
2018/04/29,
2018/04/30,1076.2
2018/05/01,
2018/05/02,1067.5
2018/05/03,1074.9
2018/05/04,1076.5
2018/05/05,
2018/05/06,
2018/05/07,
2018/05/08,1076.7
2018/05/09,1078.2
2018/05/10,1081.3
2018/05/11,1075.3
2018/05/12,
2018/05/13,
2018/05/14,1068.6
2018/05/15,1066.6
2018/05/16,1072.6
2018/05/17,1078.7
2018/05/18,1079.3
2018/05/19,
2018/05/20,
2018/05/21,1080.0
2018/05/22,
2018/05/23,1083.8
2018/05/24,1078.8
2018/05/25,1079.7
2018/05/26,
2018/05/27,
2018/05/28,1078.7
2018/05/29,1073.2
2018/05/30,1076.1
2018/05/31,1081.3
2018/06/01,1076.4
2018/06/02,
2018/06/03,
2018/06/04,1076.0
2018/06/05,1070.9
2018/06/06,
2018/06/07,1069.6
2018/06/08,1067.9
2018/06/09,
2018/06/10,
2018/06/11,1073.2
2018/06/12,1073.5
2018/06/13,
2018/06/14,1075.1
2018/06/15,1082.5
2018/06/16,
2018/06/17,
2018/06/18,1091.4
2018/06/19,1104.4
2018/06/20,1105.5
2018/06/21,1108.0
2018/06/22,1109.0
2018/06/23,
2018/06/24,
2018/06/25,1108.9
2018/06/26,1116.1
2018/06/27,1115.2
2018/06/28,1117.9
2018/06/29,1121.7
2018/06/30,
2018/07/01,
2018/07/02,1117.2
2018/07/03,1117.4
2018/07/04,1121.1
2018/07/05,1115.3
2018/07/06,1118.4
2018/07/07,
2018/07/08,
2018/07/09,1117.8
2018/07/10,1112.3
2018/07/11,1113.8
2018/07/12,1120.8
2018/07/13,1127.8
2018/07/14,
2018/07/15,
2018/07/16,1123.4
2018/07/17,1128.7
2018/07/18,1125.2
2018/07/19,1128.9
2018/07/20,1131.2
2018/07/21,
2018/07/22,
2018/07/23,1134.8
2018/07/24,1128.5
2018/07/25,1135.2
2018/07/26,1127.5
2018/07/27,1119.6
2018/07/28,
2018/07/29,
2018/07/30,1120.0
2018/07/31,1116.7
2018/08/01,1117.9
2018/08/02,1119.3
2018/08/03,1122.6
2018/08/04,
2018/08/05,
2018/08/06,1128.1
2018/08/07,1123.5
2018/08/08,1125.7
2018/08/09,1118.8
2018/08/10,1117.9
2018/08/11,
2018/08/12,
2018/08/13,1126.3
2018/08/14,1133.7
2018/08/15,
2018/08/16,1132.1
2018/08/17,1130.7
2018/08/18,
2018/08/19,
2018/08/20,1125.6
2018/08/21,1121.7
2018/08/22,1118.2
2018/08/23,1118.7
2018/08/24,1120.8
2018/08/25,
2018/08/26,
2018/08/27,1121.8
2018/08/28,1114.3
2018/08/29,1110.0
2018/08/30,1108.8
2018/08/31,1108.8
2018/09/01,
2018/09/02,
2018/09/03,1113.3
2018/09/04,1113.5
2018/09/05,1114.2
2018/09/06,1117.6
2018/09/07,1121.2
2018/09/08,
2018/09/09,
2018/09/10,1123.1
2018/09/11,1128.1
2018/09/12,1126.8
2018/09/13,1127.3
2018/09/14,1121.2
2018/09/15,
2018/09/16,
2018/09/17,1119.2
2018/09/18,1126.2
2018/09/19,1126.3
2018/09/20,1123.0
2018/09/21,1119.9
2018/09/22,
2018/09/23,
2018/09/24,
2018/09/25,
2018/09/26,
2018/09/27,1116.6
2018/09/28,1112.7
2018/09/29,
2018/09/30,
2018/10/01,1110.2
2018/10/02,1110.9
2018/10/03,
2018/10/04,1116.4
2018/10/05,1128.3
2018/10/06,
2018/10/07,
2018/10/08,1130.7
2018/10/09,
2018/10/10,1131.7
2018/10/11,1132.5
2018/10/12,1142.5
2018/10/13,
2018/10/14,
2018/10/15,1133.3
2018/10/16,1133.4
2018/10/17,1128.1
2018/10/18,1125.0
2018/10/19,1132.6
2018/10/20,
2018/10/21,
2018/10/22,1134.3
2018/10/23,1130.9
2018/10/24,1135.8
2018/10/25,1132.2
2018/10/26,1138.5
2018/10/27,
2018/10/28,
2018/10/29,1140.6
2018/10/30,1138.6
2018/10/31,1140.6
2018/11/01,1139.2
2018/11/02,1138.8
2018/11/03,
2018/11/04,
2018/11/05,1125.5
2018/11/06,1122.7
2018/11/07,1122.5
2018/11/08,1120.9
2018/11/09,1118.4
2018/11/10,
2018/11/11,
2018/11/12,1125.7
2018/11/13,1132.0
2018/11/14,1135.7
2018/11/15,1132.4
2018/11/16,1130.3
2018/11/17,
2018/11/18,
2018/11/19,1128.7
2018/11/20,1127.4
2018/11/21,1127.5
2018/11/22,1131.3
2018/11/23,1129.0
2018/11/24,
2018/11/25,
2018/11/26,1130.5
2018/11/27,1129.9
2018/11/28,1129.7
2018/11/29,1128.9
2018/11/30,1121.8
2018/12/01,
2018/12/02,
2018/12/03,1120.3
2018/12/04,1113.7
2018/12/05,1109.8
2018/12/06,1113.6
2018/12/07,1117.8
2018/12/08,
2018/12/09,
2018/12/10,1118.2
2018/12/11,1124.7
2018/12/12,1129.4
2018/12/13,1127.6
2018/12/14,1124.0
2018/12/15,
2018/12/16,
2018/12/17,1129.2
2018/12/18,1131.6
2018/12/19,1129.9
2018/12/20,1125.1
2018/12/21,1128.9
2018/12/22,
2018/12/23,
2018/12/24,1123.9
2018/12/25,
2018/12/26,1125.2
2018/12/27,1125.6
2018/12/28,1121.3
2018/12/29,
2018/12/30,
2018/12/31,1118.1
2019/01/01,
2019/01/02,1118.1
2019/01/03,1119.0
2019/01/04,1127.5
2019/01/05,
2019/01/06,
2019/01/07,1125.2
2019/01/08,1118.0
2019/01/09,1121.7
2019/01/10,1121.6
2019/01/11,1118.9
2019/01/12,
2019/01/13,
2019/01/14,1117.6
2019/01/15,1121.4
2019/01/16,1120.1
2019/01/17,1122.0
2019/01/18,1121.4
2019/01/19,
2019/01/20,
2019/01/21,1121.3
2019/01/22,1126.5
2019/01/23,1130.2
2019/01/24,1128.2
2019/01/25,1128.0
2019/01/26,
2019/01/27,
2019/01/28,1125.1
2019/01/29,1116.9
2019/01/30,1118.1
2019/01/31,1117.2
2019/02/01,1111.6
2019/02/02,
2019/02/03,
2019/02/04,
2019/02/05,
2019/02/06,
2019/02/07,1116.8
2019/02/08,1123.4
2019/02/09,
2019/02/10,
2019/02/11,1124.5
2019/02/12,1124.5
2019/02/13,1124.6
2019/02/14,1121.7
2019/02/15,1125.0
2019/02/16,
2019/02/17,
2019/02/18,1127.7
2019/02/19,1124.7
2019/02/20,1127.5
2019/02/21,1122.6
2019/02/22,1124.4
2019/02/23,
2019/02/24,
2019/02/25,1125.7
2019/02/26,1120.8
2019/02/27,1118.3
2019/02/28,1117.8
2019/03/01,
2019/03/02,
2019/03/03,
2019/03/04,1119.9
2019/03/05,1125.0
2019/03/06,1125.8
2019/03/07,1127.8
2019/03/08,1128.3
2019/03/09,
2019/03/10,
2019/03/11,1134.0
2019/03/12,1134.5
2019/03/13,1128.7
2019/03/14,1131.5
2019/03/15,1132.7
2019/03/16,
2019/03/17,
2019/03/18,1136.1
2019/03/19,1133.7
2019/03/20,1130.9
2019/03/21,1130.4
2019/03/22,1125.8
2019/03/23,
2019/03/24,
2019/03/25,1129.8
2019/03/26,1134.9
2019/03/27,1132.1
2019/03/28,1134.7
2019/03/29,1137.8
2019/03/30,
2019/03/31,
2019/04/01,1136.1
2019/04/02,1132.7
2019/04/03,1135.8
2019/04/04,1134.9
2019/04/05,1135.5
2019/04/06,
2019/04/07,
2019/04/08,1136.4
2019/04/09,1141.4
2019/04/10,1142.8
2019/04/11,1141.2
2019/04/12,1139.2
2019/04/13,
2019/04/14,
2019/04/15,1140.5
2019/04/16,1133.9
2019/04/17,1135.7
2019/04/18,1136.1
2019/04/19,1136.2
2019/04/20,
2019/04/21,
2019/04/22,1137.1
2019/04/23,1140.8
2019/04/24,1141.1
2019/04/25,1146.9
2019/04/26,1158.7
2019/04/27,
2019/04/28,
2019/04/29,1159.7
2019/04/30,1158.2
2019/05/01,
2019/05/02,1163.8
2019/05/03,1163.9
2019/05/04,
2019/05/05,
2019/05/06,
2019/05/07,1169.4
2019/05/08,1169.8
2019/05/09,1169.9
2019/05/10,1175.8
2019/05/11,
2019/05/12,
2019/05/13,1178.1
2019/05/14,1183.1
2019/05/15,1187.0
2019/05/16,1189.4
2019/05/17,1189.8
2019/05/18,
2019/05/19,
2019/05/20,1192.7
2019/05/21,1192.9
2019/05/22,1193.3
2019/05/23,1194.6
2019/05/24,1191.2
2019/05/25,
2019/05/26,
2019/05/27,1189.6
2019/05/28,1184.1
2019/05/29,1187.6
2019/05/30,1193.1
2019/05/31,1190.0
2019/06/01,
2019/06/02,
2019/06/03,1191.2
2019/06/04,1183.0
2019/06/05,1181.5
2019/06/06,
2019/06/07,1179.8
2019/06/08,
2019/06/09,
2019/06/10,1179.5
2019/06/11,1184.0
2019/06/12,1181.7
2019/06/13,1181.7
2019/06/14,1184.7
2019/06/15,
2019/06/16,
2019/06/17,1184.0
2019/06/18,1186.3
2019/06/19,1185.0
2019/06/20,1177.0
2019/06/21,1167.7
2019/06/22,
2019/06/23,
2019/06/24,1162.0
2019/06/25,1157.9
2019/06/26,1154.7
2019/06/27,1158.2
2019/06/28,1156.8
2019/06/29,
2019/06/30,
2019/07/01,1156.4
2019/07/02,1155.4
2019/07/03,1164.8
2019/07/04,1170.4
2019/07/05,1169.2
2019/07/06,
2019/07/07,
2019/07/08,1170.4
2019/07/09,1178.5
2019/07/10,1179.9
2019/07/11,1181.4
2019/07/12,1173.8
2019/07/13,
2019/07/14,
2019/07/15,1177.3
2019/07/16,1179.2
2019/07/17,1178.5
2019/07/18,1180.4
2019/07/19,1179.5
2019/07/20,
2019/07/21,
2019/07/22,1173.4
2019/07/23,1177.6
2019/07/24,1178.4
2019/07/25,1178.2
2019/07/26,1179.8
2019/07/27,
2019/07/28,
2019/07/29,1184.2
2019/07/30,1183.4
2019/07/31,1182.0
2019/08/01,1181.9
2019/08/02,1188.5
2019/08/03,
2019/08/04,
2019/08/05,1194.8
2019/08/06,1211.8
2019/08/07,1214.3
2019/08/08,1214.5
2019/08/09,1211.3
2019/08/10,
2019/08/11,
2019/08/12,1209.7
2019/08/13,1215.6
2019/08/14,1218.9
2019/08/15,
2019/08/16,1211.7
2019/08/17,
2019/08/18,
2019/08/19,1213.3
2019/08/20,1210.7
2019/08/21,1210.2
2019/08/22,1204.0
2019/08/23,1205.1
2019/08/24,
2019/08/25,
2019/08/26,1212.2
2019/08/27,1218.2
2019/08/28,1213.1
2019/08/29,1213.5
2019/08/30,1215.2
2019/08/31,
2019/09/01,
2019/09/02,1209.6
2019/09/03,1211.9
2019/09/04,1215.2
2019/09/05,1209.7
2019/09/06,1199.6
2019/09/07,
2019/09/08,
2019/09/09,1196.9
2019/09/10,1192.4
2019/09/11,1191.9
2019/09/12,
2019/09/13,
2019/09/14,
2019/09/15,
2019/09/16,1191.4
2019/09/17,1184.0
2019/09/18,1188.3
2019/09/19,1190.5
2019/09/20,1195.1
2019/09/21,
2019/09/22,
2019/09/23,1191.1
2019/09/24,1193.1
2019/09/25,1194.0
2019/09/26,1198.3
2019/09/27,1199.1
2019/09/28,
2019/09/29,
2019/09/30,1201.3
2019/10/01,1199.2
2019/10/02,1198.2
2019/10/03,
2019/10/04,1203.7
2019/10/05,
2019/10/06,
2019/10/07,1197.0
2019/10/08,1196.5
2019/10/09,
2019/10/10,1194.7
2019/10/11,1196.1
2019/10/12,
2019/10/13,
2019/10/14,1189.3
2019/10/15,1183.7
2019/10/16,1184.1
2019/10/17,1187.0
2019/10/18,1186.6
2019/10/19,
2019/10/20,
2019/10/21,1180.5
2019/10/22,1175.4
2019/10/23,1171.4
2019/10/24,1173.7
2019/10/25,1171.0
2019/10/26,
2019/10/27,
2019/10/28,1174.2
2019/10/29,1169.6
2019/10/30,1166.5
2019/10/31,1168.4
2019/11/01,1161.7
2019/11/02,
2019/11/03,
2019/11/04,1167.6
2019/11/05,1160.4
2019/11/06,1160.1
2019/11/07,1157.5
2019/11/08,1160.6
2019/11/09,
2019/11/10,
2019/11/11,1156.1
2019/11/12,1161.3
2019/11/13,1163.5
2019/11/14,1167.6
2019/11/15,1170.4
2019/11/16,
2019/11/17,
2019/11/18,1166.3
2019/11/19,1164.5
2019/11/20,1168.6
2019/11/21,1170.1
2019/11/22,1176.5
2019/11/23,
2019/11/24,
2019/11/25,1177.8
2019/11/26,1176.2
2019/11/27,1174.4
2019/11/28,1176.0
2019/11/29,1179.3
2019/11/30,
2019/12/01,
2019/12/02,1180.3
2019/12/03,1180.4
2019/12/04,1186.2
2019/12/05,1193.7
2019/12/06,1190.2
2019/12/07,
2019/12/08,
2019/12/09,1189.7
2019/12/10,1189.3
2019/12/11,1192.0
2019/12/12,1193.3
2019/12/13,1188.6
2019/12/14,
2019/12/15,
2019/12/16,1171.7
2019/12/17,1172.9
2019/12/18,1166.7
2019/12/19,1165.3
2019/12/20,1164.5
2019/12/21,
2019/12/22,
2019/12/23,1162.6
2019/12/24,1161.7
2019/12/25,
2019/12/26,1163.7
2019/12/27,1161.2
2019/12/28,
2019/12/29,
2019/12/30,1160.9
2019/12/31,1157.8
2020/01/01,
2020/01/02,1157.8
2020/01/03,1156.9
2020/01/04,
2020/01/05,
2020/01/06,1162.7
2020/01/07,1169.6
2020/01/08,1165.3
2020/01/09,1174.1
2020/01/10,1160.0
2020/01/11,
2020/01/12,
2020/01/13,1161.1
2020/01/14,1155.7
2020/01/15,1153.1
2020/01/16,1158.8
2020/01/17,1159.6
2020/01/18,
2020/01/19,
2020/01/20,1158.8
2020/01/21,1158.8
2020/01/22,1164.7
2020/01/23,1165.1
2020/01/24,
2020/01/25,
2020/01/26,
2020/01/27,
2020/01/28,1167.2
2020/01/29,1176.7
2020/01/30,1176.0
2020/01/31,1183.5
2020/02/01,
2020/02/02,
2020/02/03,1187.8
2020/02/04,1196.0
2020/02/05,1189.4
2020/02/06,1188.5
2020/02/07,1181.4
2020/02/08,
2020/02/09,
2020/02/10,1187.2
2020/02/11,1189.8
2020/02/12,1184.1
2020/02/13,1179.8
2020/02/14,1181.5
2020/02/15,
2020/02/16,
2020/02/17,1183.5
2020/02/18,1182.2
2020/02/19,1188.1
2020/02/20,1190.8
2020/02/21,1197.0
2020/02/22,
2020/02/23,
2020/02/24,1205.6
2020/02/25,1217.7
2020/02/26,1212.7
2020/02/27,1216.8
2020/02/28,1215.9
2020/02/29,
2020/03/01,
2020/03/02,1215.3
2020/03/03,1200.3
2020/03/04,1191.4
2020/03/05,1186.4
2020/03/06,1185.0
2020/03/07,
2020/03/08,
2020/03/09,1191.4
2020/03/10,1201.4
2020/03/11,1196.7
2020/03/12,1192.8
2020/03/13,1202.0
2020/03/14,
2020/03/15,
2020/03/16,1222.2
2020/03/17,1219.6
2020/03/18,1241.2
2020/03/19,1237.8
2020/03/20,1280.1
2020/03/21,
2020/03/22,
2020/03/23,1254.1
2020/03/24,1274.6
2020/03/25,1256.0
2020/03/26,1230.7
2020/03/27,1227.9
2020/03/28,
2020/03/29,
2020/03/30,1212.4
2020/03/31,1222.6
2020/04/01,1220.0
2020/04/02,1222.2
2020/04/03,1237.6
2020/04/04,
2020/04/05,
2020/04/06,1229.8
2020/04/07,1233.4
2020/04/08,1222.4
2020/04/09,1219.7
2020/04/10,1216.4
2020/04/11,
2020/04/12,
2020/04/13,1212.3
2020/04/14,1218.7
2020/04/15,
2020/04/16,1216.7
2020/04/17,1227.5
2020/04/18,
2020/04/19,
2020/04/20,1219.3
2020/04/21,1218.7
2020/04/22,1231.3
2020/04/23,1235.2
2020/04/24,1232.0
2020/04/25,
2020/04/26,
2020/04/27,1235.8
2020/04/28,1230.3
2020/04/29,1225.2
2020/04/30,
2020/05/01,
2020/05/02,
2020/05/03,
2020/05/04,1218.5
2020/05/05,
2020/05/06,1227.8
2020/05/07,1223.3
2020/05/08,1226.5
2020/05/09,
2020/05/10,
2020/05/11,1217.7
2020/05/12,1217.8
2020/05/13,1226.7
2020/05/14,1226.3
2020/05/15,1227.9
2020/05/16,
2020/05/17,
2020/05/18,1229.3
2020/05/19,1231.6
2020/05/20,1224.5
2020/05/21,1227.8
2020/05/22,1230.7
2020/05/23,
2020/05/24,
2020/05/25,1236.2
2020/05/26,1242.0
2020/05/27,1237.1
2020/05/28,1233.7
2020/05/29,1239.4
2020/05/30,
2020/05/31,
2020/06/01,1237.6
2020/06/02,1227.8
2020/06/03,1224.1
2020/06/04,1216.9
2020/06/05,1217.4
2020/06/06,
2020/06/07,
2020/06/08,1213.1
2020/06/09,1204.2
2020/06/10,1197.7
2020/06/11,1194.4
2020/06/12,1192.8
2020/06/13,
2020/06/14,
2020/06/15,1206.6
2020/06/16,1210.8
2020/06/17,1206.6
2020/06/18,1214.5
2020/06/19,1213.0
2020/06/20,
2020/06/21,
2020/06/22,1212.0
2020/06/23,1213.2
2020/06/24,1210.1
2020/06/25,1202.9
2020/06/26,1205.2
2020/06/27,
2020/06/28,
2020/06/29,1198.6
2020/06/30,1200.7
2020/07/01,1198.5
2020/07/02,1201.6
2020/07/03,1201.0
2020/07/04,
2020/07/05,
2020/07/06,1200.4
2020/07/07,1196.8
2020/07/08,1192.9
2020/07/09,1195.8
2020/07/10,1194.5
2020/07/11,
2020/07/12,
2020/07/13,1202.4
2020/07/14,1200.3
2020/07/15,1206.4
2020/07/16,1200.7
2020/07/17,1204.1
2020/07/18,
2020/07/19,
2020/07/20,1205.7
2020/07/21,1203.7
2020/07/22,1198.1
2020/07/23,1193.7
2020/07/24,1198.5
2020/07/25,
2020/07/26,
2020/07/27,1201.3
2020/07/28,1196.6
2020/07/29,1195.1
2020/07/30,1195.2
2020/07/31,1191.4
2020/08/01,
2020/08/02,
2020/08/03,1189.1
2020/08/04,1193.7
2020/08/05,1193.5
2020/08/06,1190.3
2020/08/07,1184.3
2020/08/08,
2020/08/09,
2020/08/10,1185.9
2020/08/11,1186.7
2020/08/12,1184.9
2020/08/13,1186.0
2020/08/14,1183.6
2020/08/15,
2020/08/16,
2020/08/17,
2020/08/18,1185.8
2020/08/19,1185.1
2020/08/20,1182.3
2020/08/21,1186.3
2020/08/22,
2020/08/23,
2020/08/24,1185.3
2020/08/25,1190.0
2020/08/26,1186.3
2020/08/27,1187.0
2020/08/28,1185.7
2020/08/29,
2020/08/30,
2020/08/31,1185.1
2020/09/01,1183.3
2020/09/02,1184.6
2020/09/03,1186.2
2020/09/04,1187.5
2020/09/05,
2020/09/06,
2020/09/07,1190.2
2020/09/08,1187.2
2020/09/09,1187.9
2020/09/10,1189.6
2020/09/11,1185.3
2020/09/12,
2020/09/13,
2020/09/14,1188.3
2020/09/15,1184.2
2020/09/16,1180.5
2020/09/17,1177.8
2020/09/18,1175.4
2020/09/19,
2020/09/20,
2020/09/21,1163.6
2020/09/22,1160.6
2020/09/23,1163.9
2020/09/24,1164.4
2020/09/25,1170.3
2020/09/26,
2020/09/27,
2020/09/28,1170.5
2020/09/29,1173.5
2020/09/30,
2020/10/01,
2020/10/02,
2020/10/03,
2020/10/04,
2020/10/05,1169.5
2020/10/06,1163.4
2020/10/07,1160.0
2020/10/08,1162.5
2020/10/09,
2020/10/10,
2020/10/11,
2020/10/12,1156.2
2020/10/13,1148.3
2020/10/14,1149.5
2020/10/15,1145.7
2020/10/16,1144.6
2020/10/17,
2020/10/18,
2020/10/19,1145.6
2020/10/20,1142.2
2020/10/21,1139.7
2020/10/22,1133.7
2020/10/23,1134.1
2020/10/24,
2020/10/25,
2020/10/26,1134.6
2020/10/27,1129.1
2020/10/28,1127.6
2020/10/29,1129.3
2020/10/30,1133.4
2020/10/31,
2020/11/01,
2020/11/02,1130.4
2020/11/03,1134.7
2020/11/04,1134.6
2020/11/05,1136.5
2020/11/06,1130.9
2020/11/07,
2020/11/08,
2020/11/09,1124.4
2020/11/10,1115.6
2020/11/11,1115.9
2020/11/12,1112.4
2020/11/13,1113.2
2020/11/14,
2020/11/15,
2020/11/16,1115.1
2020/11/17,1108.0
2020/11/18,1106.8
2020/11/19,1105.9
2020/11/20,1112.2
2020/11/21,
2020/11/22,
2020/11/23,1114.2
2020/11/24,1112.6
2020/11/25,1111.2
2020/11/26,1107.2
2020/11/27,1105.8
2020/11/28,
2020/11/29,
2020/11/30,1104.4
2020/12/01,1104.9
2020/12/02,1107.1
2020/12/03,1103.3
2020/12/04,1098.1
2020/12/05,
2020/12/06,
2020/12/07,1086.6
2020/12/08,1082.7
2020/12/09,1084.4
2020/12/10,1083.6
2020/12/11,1086.2
2020/12/12,
2020/12/13,
2020/12/14,1089.3
2020/12/15,1090.8
2020/12/16,1093.2
2020/12/17,1092.2
2020/12/18,1092.8
2020/12/19,
2020/12/20,
2020/12/21,1097.9
2020/12/22,1101.2
2020/12/23,1106.6
2020/12/24,1108.9
2020/12/25,
2020/12/26,
2020/12/27,
2020/12/28,1103.7
2020/12/29,1098.2
2020/12/30,1093.2
2020/12/31,1088.0
2021/01/01,
2021/01/02,
2021/01/03,
2021/01/04,1088.0
2021/01/05,1083.1
2021/01/06,1086.1
2021/01/07,1086.8
2021/01/08,1087.7
2021/01/09,
2021/01/10,
2021/01/11,1094.4
2021/01/12,1097.8
2021/01/13,1099.9
2021/01/14,1095.0
2021/01/15,1100.3
2021/01/16,
2021/01/17,
2021/01/18,1097.9
2021/01/19,1104.4
2021/01/20,1102.1
2021/01/21,1100.0
2021/01/22,1099.2
2021/01/23,
2021/01/24,
2021/01/25,1102.3
2021/01/26,1103.2
2021/01/27,1103.0
2021/01/28,1104.0
2021/01/29,1114.6
2021/01/30,
2021/01/31,
2021/02/01,1117.2
2021/02/02,1118.0
2021/02/03,1116.6
2021/02/04,1114.0
2021/02/05,1116.7
2021/02/06,
2021/02/07,
2021/02/08,1124.0
2021/02/09,1119.1
2021/02/10,1116.0
2021/02/11,
2021/02/12,
2021/02/13,
2021/02/14,
2021/02/15,1110.1
2021/02/16,1103.1
2021/02/17,1099.7
2021/02/18,1107.7
2021/02/19,1105.7
2021/02/20,
2021/02/21,
2021/02/22,1107.1
2021/02/23,1106.5
2021/02/24,1110.8
2021/02/25,1110.2
2021/02/26,1108.4
2021/02/27,
2021/02/28,
2021/03/01,
2021/03/02,1121.8
2021/03/03,1121.3
2021/03/04,1122.9
2021/03/05,1126.2
2021/03/06,
2021/03/07,
2021/03/08,1129.4
2021/03/09,1131.3
2021/03/10,1141.1
2021/03/11,1140.7
2021/03/12,1137.3
2021/03/13,
2021/03/14,
2021/03/15,1130.7
2021/03/16,1135.9
2021/03/17,1132.5
2021/03/18,1131.8
2021/03/19,1123.7
2021/03/20,
2021/03/21,
2021/03/22,1131.8
2021/03/23,1131.3
2021/03/24,1128.0
2021/03/25,1133.5
2021/03/26,1134.2
2021/03/27,
2021/03/28,
2021/03/29,1131.8
2021/03/30,1131.7
2021/03/31,1133.5
2021/04/01,1132.6
2021/04/02,1129.3
2021/04/03,
2021/04/04,
2021/04/05,1127.5
2021/04/06,1127.8
2021/04/07,1122.9
2021/04/08,1116.4
2021/04/09,1118.5
2021/04/10,
2021/04/11,
2021/04/12,1117.2
2021/04/13,1124.3
2021/04/14,1126.1
2021/04/15,1119.9
2021/04/16,1117.6
2021/04/17,
2021/04/18,
2021/04/19,1117.9
2021/04/20,1118.2
2021/04/21,1113.4
2021/04/22,1117.4
2021/04/23,1116.3
2021/04/24,
2021/04/25,
2021/04/26,1118.9
2021/04/27,1114.0
2021/04/28,1110.8
2021/04/29,1112.5
2021/04/30,1107.4
2021/05/01,
2021/05/02,
2021/05/03,1109.6
2021/05/04,1119.3
2021/05/05,
2021/05/06,1121.1
2021/05/07,1125.5
2021/05/08,
2021/05/09,
2021/05/10,1121.4
2021/05/11,1114.6
2021/05/12,1119.1
2021/05/13,1123.5
2021/05/14,1130.6
2021/05/15,
2021/05/16,
2021/05/17,1129.5
2021/05/18,1133.0
2021/05/19,
2021/05/20,1133.1
2021/05/21,1132.2
2021/05/22,
2021/05/23,
2021/05/24,1126.9
2021/05/25,1127.6
2021/05/26,1122.8
2021/05/27,1118.6
2021/05/28,1118.0
2021/05/29,
2021/05/30,
2021/05/31,1116.0
2021/06/01,1113.5
2021/06/02,1107.0
2021/06/03,1110.3
2021/06/04,1111.8
2021/06/05,
2021/06/06,
2021/06/07,1117.5
2021/06/08,1111.2
2021/06/09,1113.7
2021/06/10,1115.8
2021/06/11,1115.0
2021/06/12,
2021/06/13,
2021/06/14,1111.2
2021/06/15,1116.4
2021/06/16,1117.8
2021/06/17,1117.7
2021/06/18,1129.5
2021/06/19,
2021/06/20,
2021/06/21,1132.2
2021/06/22,1135.4
2021/06/23,1132.4
2021/06/24,1135.6
2021/06/25,1135.8
2021/06/26,
2021/06/27,
2021/06/28,1128.8
2021/06/29,1129.9
2021/06/30,1130.0
2021/07/01,1129.5
2021/07/02,1132.2
2021/07/03,
2021/07/04,
2021/07/05,1134.5
2021/07/06,1130.3
2021/07/07,1131.8
2021/07/08,1137.6
2021/07/09,1143.4
2021/07/10,
2021/07/11,
2021/07/12,1148.3
2021/07/13,1146.4
2021/07/14,1145.1
2021/07/15,1150.3
2021/07/16,1143.7
2021/07/17,
2021/07/18,
2021/07/19,1141.1
2021/07/20,1145.7
2021/07/21,1151.0
2021/07/22,1150.6
2021/07/23,1151.0
2021/07/24,
2021/07/25,
2021/07/26,1149.5
2021/07/27,1153.2
2021/07/28,1150.2
2021/07/29,1154.8
2021/07/30,1147.4
2021/07/31,
2021/08/01,
2021/08/02,1147.5
2021/08/03,1151.5
2021/08/04,1150.7
2021/08/05,1145.8
2021/08/06,1143.5
2021/08/07,
2021/08/08,
2021/08/09,1142.3
2021/08/10,1145.0
2021/08/11,1148.5
2021/08/12,1155.0
2021/08/13,1158.9
2021/08/14,
2021/08/15,
2021/08/16,
2021/08/17,1167.8
2021/08/18,1174.9
2021/08/19,1172.7
2021/08/20,1174.5
2021/08/21,
2021/08/22,
2021/08/23,1176.7
2021/08/24,1174.0
2021/08/25,1168.0
2021/08/26,1166.5
2021/08/27,1168.1
2021/08/28,
2021/08/29,
2021/08/30,1170.8
2021/08/31,1164.4
2021/09/01,1162.8
2021/09/02,1157.5
2021/09/03,1159.7
2021/09/04,
2021/09/05,
2021/09/06,1156.4
2021/09/07,1157.3
2021/09/08,1157.9
2021/09/09,1164.5
2021/09/10,1170.1
2021/09/11,
2021/09/12,
2021/09/13,1170.4
2021/09/14,1174.3
2021/09/15,1172.2
2021/09/16,1171.7
2021/09/17,1169.1
2021/09/18,
2021/09/19,
2021/09/20,
2021/09/21,
2021/09/22,
2021/09/23,1177.6
2021/09/24,1181.7
2021/09/25,
2021/09/26,
2021/09/27,1175.3
2021/09/28,1175.9
2021/09/29,1182.0
2021/09/30,1184.9
2021/10/01,1185.2
2021/10/02,
2021/10/03,
2021/10/04,
2021/10/05,1187.2
2021/10/06,1187.1
2021/10/07,1190.0
2021/10/08,1190.3
2021/10/09,
2021/10/10,
2021/10/11,
2021/10/12,1193.4
2021/10/13,1199.1
2021/10/14,1195.0
2021/10/15,1188.3
2021/10/16,
2021/10/17,
2021/10/18,1182.8
2021/10/19,1185.8
2021/10/20,1181.7
2021/10/21,1175.6
2021/10/22,1175.8
2021/10/23,
2021/10/24,
2021/10/25,1178.4
2021/10/26,1171.8
2021/10/27,1166.3
2021/10/28,1168.1
2021/10/29,1171.7
2021/10/30,
2021/10/31,
2021/11/01,1169.6
2021/11/02,1176.3
2021/11/03,1175.5
2021/11/04,1181.1
2021/11/05,1180.0
2021/11/06,
2021/11/07,
2021/11/08,1185.2
2021/11/09,1184.3
2021/11/10,1178.4
2021/11/11,1181.0
2021/11/12,1184.7
2021/11/13,
2021/11/14,
2021/11/15,1179.6
2021/11/16,1180.2
2021/11/17,1179.6
2021/11/18,1183.6
2021/11/19,1180.5
2021/11/20,
2021/11/21,
2021/11/22,1183.5
2021/11/23,1187.4
2021/11/24,1188.9
2021/11/25,1188.5
2021/11/26,1189.7
2021/11/27,
2021/11/28,
2021/11/29,1193.0
2021/11/30,1193.4
2021/12/01,1187.7
2021/12/02,1180.3
2021/12/03,1177.3
2021/12/04,
2021/12/05,
2021/12/06,1178.6
2021/12/07,1183.7
2021/12/08,1181.2
2021/12/09,1176.4
2021/12/10,1173.8
2021/12/11,
2021/12/12,
2021/12/13,1178.2
2021/12/14,1178.8
2021/12/15,1183.6
2021/12/16,1186.2
2021/12/17,1183.5
2021/12/18,
2021/12/19,
2021/12/20,1184.4
2021/12/21,1189.8
2021/12/22,1191.5
2021/12/23,1191.2
2021/12/24,1187.5
2021/12/25,
2021/12/26,
2021/12/27,1186.4
2021/12/28,1186.2
2021/12/29,1186.7
2021/12/30,1186.6
2021/12/31,1185.5
2022/01/01,
2022/01/02,
2022/01/03,1185.5
2022/01/04,1190.8
2022/01/05,1194.3
2022/01/06,1198.2
2022/01/07,1199.6
2022/01/08,
2022/01/09,
2022/01/10,1202.4
2022/01/11,1200.0
2022/01/12,1195.2
2022/01/13,1189.9
2022/01/14,1188.2
2022/01/15,
2022/01/16,
2022/01/17,1187.6
2022/01/18,1192.3
2022/01/19,1188.9
2022/01/20,1191.8
2022/01/21,1190.4
2022/01/22,
2022/01/23,
2022/01/24,1193.6
2022/01/25,1194.2
2022/01/26,1197.8
2022/01/27,1197.0
2022/01/28,1202.4
2022/01/29,
2022/01/30,
2022/01/31,
2022/02/01,
2022/02/02,
2022/02/03,1205.7
2022/02/04,1205.4
2022/02/05,
2022/02/06,
2022/02/07,1199.5
2022/02/08,1199.4
2022/02/09,1197.8
2022/02/10,1196.0
2022/02/11,1196.0
2022/02/12,
2022/02/13,
2022/02/14,1199.6
2022/02/15,1198.3
2022/02/16,1198.5
2022/02/17,1196.9
2022/02/18,1197.1
2022/02/19,
2022/02/20,
2022/02/21,1196.4
2022/02/22,1194.6
2022/02/23,1194.7
2022/02/24,1192.1
2022/02/25,1199.4
2022/02/26,
2022/02/27,
2022/02/28,1202.7
2022/03/01,
2022/03/02,1205.6
2022/03/03,1205.0
2022/03/04,1203.6
2022/03/05,
2022/03/06,
2022/03/07,1211.5
2022/03/08,1225.4
2022/03/09,
2022/03/10,1234.5
2022/03/11,1228.7
2022/03/12,
2022/03/13,
2022/03/14,1232.4
2022/03/15,1238.6
2022/03/16,1241.7
2022/03/17,1240.4
2022/03/18,1220.6
2022/03/19,
2022/03/20,
2022/03/21,1211.1
2022/03/22,1213.7
2022/03/23,1221.4
2022/03/24,1212.7
2022/03/25,1219.4
2022/03/26,
2022/03/27,
2022/03/28,1218.3
2022/03/29,1225.7
2022/03/30,1220.5
2022/03/31,1210.8
2022/04/01,1210.7
2022/04/02,
2022/04/03,
2022/04/04,1216.1
2022/04/05,1216.7
2022/04/06,1212.6
2022/04/07,1219.1
2022/04/08,1218.5
2022/04/09,
2022/04/10,
2022/04/11,1224.0
2022/04/12,1232.0
2022/04/13,1236.6
2022/04/14,1227.7
2022/04/15,1224.2
2022/04/16,
2022/04/17,
2022/04/18,1230.1
2022/04/19,1232.8
2022/04/20,1234.9
2022/04/21,1237.1
2022/04/22,1236.4
2022/04/23,
2022/04/24,
2022/04/25,1241.7
2022/04/26,1247.1
2022/04/27,1248.3
2022/04/28,1263.1
2022/04/29,1269.4
2022/04/30,
2022/05/01,
2022/05/02,1265.4
2022/05/03,1265.8
2022/05/04,1265.7
2022/05/05,
2022/05/06,1261.8
2022/05/07,
2022/05/08,
2022/05/09,1272.7
2022/05/10,1274.6
2022/05/11,1275.5
2022/05/12,1277.0
2022/05/13,1286.4
2022/05/14,
2022/05/15,
2022/05/16,1286.0
2022/05/17,1281.6
2022/05/18,1277.2
2022/05/19,1269.3
2022/05/20,1274.6
2022/05/21,
2022/05/22,
2022/05/23,1269.5
2022/05/24,1267.7
2022/05/25,1264.3
2022/05/26,1263.3
2022/05/27,1266.4
2022/05/28,
2022/05/29,
2022/05/30,1256.9
2022/05/31,1245.8
2022/06/01,
2022/06/02,1238.4
2022/06/03,1251.2
2022/06/04,
2022/06/05,
2022/06/06,
2022/06/07,1241.1
2022/06/08,1257.1
2022/06/09,1255.4
2022/06/10,1257.6
2022/06/11,
2022/06/12,
2022/06/13,1266.0
2022/06/14,1286.0
2022/06/15,1289.7
2022/06/16,1291.3
2022/06/17,1284.1
2022/06/18,
2022/06/19,
2022/06/20,1287.5
2022/06/21,1291.7
2022/06/22,1290.6
2022/06/23,1295.7
2022/06/24,1300.7
2022/06/25,
2022/06/26,
2022/06/27,1299.4
2022/06/28,1285.6
2022/06/29,1284.9
2022/06/30,1292.9
2022/07/01,1299.8
2022/07/02,
2022/07/03,
2022/07/04,1294.2
2022/07/05,1297.9
2022/07/06,1298.0
2022/07/07,1307.4
2022/07/08,1302.7
2022/07/09,
2022/07/10,
2022/07/11,1299.3
2022/07/12,1300.6
2022/07/13,1312.9
2022/07/14,1305.9
2022/07/15,1310.0
2022/07/16,
2022/07/17,
2022/07/18,1323.7
2022/07/19,1317.8
2022/07/20,1314.9
2022/07/21,1308.6
2022/07/22,1312.1
2022/07/23,
2022/07/24,
2022/07/25,1311.7
2022/07/26,1311.0
2022/07/27,1310.0
2022/07/28,1312.8
2022/07/29,1304.0
2022/07/30,
2022/07/31,
2022/08/01,1298.6
2022/08/02,1306.4
2022/08/03,1307.2
2022/08/04,1310.5
2022/08/05,1309.7
2022/08/06,
2022/08/07,
2022/08/08,1299.3
2022/08/09,1304.8
2022/08/10,1305.1
2022/08/11,1309.1
2022/08/12,1302.5
2022/08/13,
2022/08/14,
2022/08/15,
2022/08/16,1303.1
2022/08/17,1309.6
2022/08/18,1309.8
2022/08/19,1317.3
2022/08/20,
2022/08/21,
2022/08/22,1326.7
2022/08/23,1338.2
2022/08/24,1341.8
2022/08/25,1341.4
2022/08/26,1336.9
2022/08/27,
2022/08/28,
2022/08/29,1332.5
2022/08/30,1347.7
2022/08/31,1347.5
2022/09/01,1345.1
2022/09/02,1351.4
2022/09/03,
2022/09/04,
2022/09/05,1356.5
2022/09/06,1369.7
2022/09/07,1370.3
2022/09/08,1385.3
2022/09/09,
2022/09/10,
2022/09/11,
2022/09/12,
2022/09/13,1381.2
2022/09/14,1374.8
2022/09/15,1391.7
2022/09/16,1394.2
2022/09/17,
2022/09/18,
2022/09/19,1394.2
2022/09/20,1390.1
2022/09/21,1389.1
2022/09/22,1393.6
2022/09/23,1408.0
2022/09/24,
2022/09/25,
2022/09/26,1408.4
2022/09/27,1429.7
2022/09/28,1427.2
2022/09/29,1436.5
2022/09/30,1434.8
2022/10/01,
2022/10/02,
2022/10/03,
2022/10/04,1432.1
2022/10/05,1431.2
2022/10/06,1419.1
2022/10/07,1404.2
2022/10/08,
2022/10/09,
2022/10/10,
2022/10/11,1410.3
2022/10/12,1433.5
2022/10/13,1430.4
2022/10/14,1427.0
2022/10/15,
2022/10/16,
2022/10/17,1428.9
2022/10/18,1436.6
2022/10/19,1425.6
2022/10/20,1420.6
2022/10/21,1431.7
2022/10/22,
2022/10/23,
2022/10/24,1436.6
2022/10/25,1436.6
2022/10/26,1436.5
2022/10/27,1428.2
2022/10/28,1418.1
2022/10/29,
2022/10/30,
2022/10/31,1419.3
2022/11/01,1422.2
2022/11/02,1421.7
2022/11/03,1418.0
2022/11/04,1422.1
2022/11/05,
2022/11/06,
2022/11/07,1422.4
2022/11/08,1406.5
2022/11/09,1387.3
2022/11/10,1368.3
2022/11/11,1370.1
2022/11/12,
2022/11/13,
2022/11/14,1334.1
2022/11/15,1320.3
2022/11/16,1322.4
2022/11/17,1325.6
2022/11/18,1338.4
2022/11/19,
2022/11/20,
2022/11/21,1340.0
2022/11/22,1352.3
2022/11/23,1355.7
2022/11/24,1352.3
2022/11/25,1333.2
2022/11/26,
2022/11/27,
2022/11/28,1326.8
2022/11/29,1339.0
2022/11/30,1331.5
2022/12/01,1320.1
2022/12/02,1300.8
2022/12/03,
2022/12/04,
2022/12/05,1300.4
2022/12/06,1293.2
2022/12/07,1309.0
2022/12/08,1319.5
2022/12/09,1320.4
2022/12/10,
2022/12/11,
2022/12/12,1306.6
2022/12/13,1310.0
2022/12/14,1304.4
2022/12/15,1296.0
2022/12/16,1301.0
2022/12/17,
2022/12/18,
2022/12/19,1310.1
2022/12/20,1302.0
2022/12/21,1298.0
2022/12/22,1286.6
2022/12/23,1276.1
2022/12/24,
2022/12/25,
2022/12/26,1282.2
2022/12/27,1276.4
2022/12/28,1268.3
2022/12/29,1268.4
2022/12/30,1267.3
2022/12/31,
2023/01/01,
2023/01/02,1267.3
2023/01/03,1268.9
2023/01/04,1272.1
2023/01/05,1274.7
2023/01/06,1270.3
2023/01/07,
2023/01/08,
2023/01/09,1267.2
2023/01/10,1246.8
2023/01/11,1240.8
2023/01/12,1245.3
2023/01/13,1244.6
2023/01/14,
2023/01/15,
2023/01/16,1240.6
2023/01/17,1234.0
2023/01/18,1238.5
2023/01/19,1239.8
2023/01/20,1236.0
2023/01/21,
2023/01/22,
2023/01/23,
2023/01/24,
2023/01/25,1234.4
2023/01/26,1233.4
2023/01/27,1231.4
2023/01/28,
2023/01/29,
2023/01/30,1230.2
2023/01/31,1228.7
2023/02/01,1230.8
2023/02/02,1231.4
2023/02/03,1219.3
2023/02/04,
2023/02/05,
2023/02/06,1227.2
2023/02/07,1247.5
2023/02/08,1256.0
2023/02/09,1257.1
2023/02/10,1263.1
2023/02/11,
2023/02/12,
2023/02/13,1264.3
2023/02/14,1274.6
2023/02/15,1269.9
2023/02/16,1279.3
2023/02/17,1283.7
2023/02/18,
2023/02/19,
2023/02/20,1297.7
2023/02/21,1295.8
2023/02/22,1295.8
2023/02/23,1303.8
2023/02/24,1299.6
2023/02/25,
2023/02/26,
2023/02/27,1300.5
2023/02/28,1317.4
2023/03/01,
2023/03/02,1319.2
2023/03/03,1310.4
2023/03/04,
2023/03/05,
2023/03/06,1304.8
2023/03/07,1296.7
2023/03/08,1299.1
2023/03/09,1319.5
2023/03/10,1319.7
2023/03/11,
2023/03/12,
2023/03/13,1325.7
2023/03/14,1307.3
2023/03/15,1304.9
2023/03/16,1302.0
2023/03/17,1312.1
2023/03/18,
2023/03/19,
2023/03/20,1303.6
2023/03/21,1308.4
2023/03/22,1307.8
2023/03/23,1307.1
2023/03/24,1287.2
2023/03/25,
2023/03/26,
2023/03/27,1289.7
2023/03/28,1300.3
2023/03/29,1297.4
2023/03/30,1299.3
2023/03/31,1303.8
2023/04/01,
2023/04/02,
2023/04/03,1295.4
2023/04/04,1316.3
2023/04/05,1310.3
2023/04/06,1311.9
2023/04/07,1318.7
2023/04/08,
2023/04/09,
2023/04/10,1318.9
2023/04/11,1320.0
2023/04/12,1319.5
2023/04/13,1324.2
2023/04/14,1318.0
2023/04/15,
2023/04/16,
2023/04/17,1299.3
2023/04/18,1311.3
2023/04/19,1318.8
2023/04/20,1318.8
2023/04/21,1327.6
2023/04/22,
2023/04/23,
2023/04/24,1327.9
2023/04/25,1332.7
2023/04/26,1333.3
2023/04/27,1337.3
2023/04/28,1339.9
2023/04/29,
2023/04/30,
2023/05/01,
2023/05/02,1339.1
2023/05/03,1340.2
2023/05/04,1339.1
2023/05/05,
2023/05/06,
2023/05/07,
2023/05/08,1325.6
2023/05/09,1322.7
2023/05/10,1323.0
2023/05/11,1324.2
2023/05/12,1320.3
2023/05/13,
2023/05/14,
2023/05/15,1333.6
2023/05/16,1337.8
2023/05/17,1336.0
2023/05/18,1339.4
2023/05/19,1332.7
2023/05/20,
2023/05/21,
2023/05/22,1331.2
2023/05/23,1319.1
2023/05/24,1311.4
2023/05/25,1317.5
2023/05/26,1323.4
2023/05/27,
2023/05/28,
2023/05/29,
2023/05/30,1325.6
2023/05/31,1322.2
2023/06/01,1321.6
2023/06/02,1320.7
2023/06/03,
2023/06/04,
2023/06/05,1308.8
2023/06/06,
2023/06/07,1308.3
2023/06/08,1300.5
2023/06/09,1306.1
2023/06/10,
2023/06/11,
2023/06/12,1294.9
2023/06/13,1291.1
2023/06/14,1277.5
2023/06/15,1275.9
2023/06/16,1280.1
2023/06/17,
2023/06/18,
2023/06/19,1273.5
2023/06/20,1280.7
2023/06/21,1282.2
2023/06/22,1291.5
2023/06/23,1291.4
2023/06/24,
2023/06/25,
2023/06/26,1302.2
2023/06/27,1303.8
2023/06/28,1303.1
2023/06/29,1304.3
2023/06/30,1312.8
2023/07/01,
2023/07/02,
2023/07/03,1319.4
2023/07/04,1310.0
2023/07/05,1301.7
2023/07/06,1300.8
2023/07/07,1303.8
2023/07/08,
2023/07/09,
2023/07/10,1307.3
2023/07/11,1303.8
2023/07/12,1295.0
2023/07/13,1291.4
2023/07/14,1276.2
2023/07/15,
2023/07/16,
2023/07/17,1265.8
2023/07/18,1266.1
2023/07/19,1261.6
2023/07/20,1265.4
2023/07/21,1265.8
2023/07/22,
2023/07/23,
2023/07/24,1281.7
2023/07/25,1283.8
2023/07/26,1280.7
2023/07/27,1278.7
2023/07/28,1273.4
2023/07/29,
2023/07/30,
2023/07/31,1280.0
2023/08/01,1273.8
2023/08/02,1280.7
2023/08/03,1293.0
2023/08/04,1298.8
2023/08/05,
2023/08/06,
2023/08/07,1303.9
2023/08/08,1304.1
2023/08/09,1312.6
2023/08/10,1318.3
2023/08/11,1317.3
2023/08/12,
2023/08/13,
2023/08/14,1321.1
2023/08/15,
2023/08/16,1331.3
2023/08/17,1338.3
2023/08/18,1341.6
2023/08/19,
2023/08/20,
2023/08/21,1336.9
2023/08/22,1341.5
2023/08/23,1338.7
2023/08/24,1338.0
2023/08/25,1324.0
2023/08/26,
2023/08/27,
2023/08/28,1326.6
2023/08/29,1322.5
2023/08/30,1322.0
2023/08/31,1321.4
2023/09/01,1322.3
2023/09/02,
2023/09/03,
2023/09/04,1319.2
2023/09/05,1319.3
2023/09/06,1324.3
2023/09/07,1332.6
2023/09/08,1334.7
2023/09/09,
2023/09/10,
2023/09/11,1333.4
2023/09/12,1332.4
2023/09/13,1326.1
2023/09/14,1327.8
2023/09/15,1326.1
2023/09/16,
2023/09/17,
2023/09/18,1327.6
2023/09/19,1326.0
2023/09/20,1323.7
2023/09/21,1329.3
2023/09/22,1339.1
2023/09/23,
2023/09/24,
2023/09/25,1337.6
2023/09/26,1333.7
2023/09/27,1344.8
2023/09/28,
2023/09/29,
2023/09/30,
2023/10/01,
2023/10/02,
2023/10/03,
2023/10/04,1351.3
2023/10/05,1360.6
2023/10/06,1349.4
2023/10/07,
2023/10/08,
2023/10/09,
2023/10/10,1348.3
2023/10/11,1348.3
2023/10/12,1339.6
2023/10/13,1339.9
2023/10/14,
2023/10/15,
2023/10/16,1349.4
2023/10/17,1353.8
2023/10/18,1351.9
2023/10/19,1351.7
2023/10/20,1357.6
2023/10/21,
2023/10/22,
2023/10/23,1355.1
2023/10/24,1353.2
2023/10/25,1343.9
2023/10/26,1347.0
2023/10/27,1357.1
2023/10/28,
2023/10/29,
2023/10/30,1352.3
2023/10/31,1352.8
2023/11/01,1349.6
2023/11/02,1356.9
2023/11/03,1343.2
2023/11/04,
2023/11/05,
2023/11/06,1325.8
2023/11/07,1303.2
2023/11/08,1306.1
2023/11/09,1305.5
2023/11/10,1309.0
2023/11/11,
2023/11/12,
2023/11/13,1316.7
2023/11/14,1322.7
2023/11/15,1325.3
2023/11/16,1302.0
2023/11/17,1303.9
2023/11/18,
2023/11/19,
2023/11/20,1294.4
2023/11/21,1292.4
2023/11/22,1287.7
2023/11/23,1295.7
2023/11/24,1298.7
2023/11/25,
2023/11/26,
2023/11/27,1302.1
2023/11/28,1304.7
2023/11/29,1294.0
2023/11/30,1289.0
2023/12/01,1290.4
2023/12/02,
2023/12/03,
2023/12/04,1303.2
2023/12/05,1301.8
2023/12/06,1311.7
2023/12/07,1312.4
2023/12/08,1322.7
2023/12/09,
2023/12/10,
2023/12/11,1307.9
2023/12/12,1318.3
2023/12/13,1315.7
2023/12/14,1316.5
2023/12/15,1295.6
2023/12/16,
2023/12/17,
2023/12/18,1294.7
2023/12/19,1298.7
2023/12/20,1304.7
2023/12/21,1300.2
2023/12/22,1303.8
2023/12/23,
2023/12/24,
2023/12/25,
2023/12/26,1300.7
2023/12/27,1296.8
2023/12/28,1294.4
2023/12/29,1289.4
2023/12/30,
2023/12/31,
2024/01/01,
2024/01/02,1289.4
2024/01/03,1299.3
2024/01/04,1308.8
2024/01/05,1310.2
2024/01/06,
2024/01/07,
2024/01/08,1313.7
2024/01/09,1314.8
2024/01/10,1312.1
2024/01/11,1320.1
2024/01/12,1316.0
2024/01/13,
2024/01/14,
2024/01/15,1314.1
2024/01/16,1319.3
2024/01/17,1329.0
2024/01/18,1343.2
2024/01/19,1342.4
2024/01/20,
2024/01/21,
2024/01/22,1336.5
2024/01/23,1334.7
2024/01/24,1336.0
2024/01/25,1339.1
2024/01/26,1335.7
2024/01/27,
2024/01/28,
2024/01/29,1336.6
2024/01/30,1336.9
2024/01/31,1330.6
2024/02/01,1333.5
2024/02/02,1332.5
2024/02/03,
2024/02/04,
2024/02/05,1325.1
2024/02/06,1334.6
2024/02/07,1329.6
2024/02/08,1325.3
2024/02/09,
2024/02/10,
2024/02/11,
2024/02/12,
2024/02/13,1327.2
2024/02/14,1328.4
2024/02/15,1336.9
2024/02/16,1333.2
2024/02/17,
2024/02/18,
2024/02/19,1333.0
2024/02/20,1333.8
2024/02/21,1337.9
2024/02/22,1335.0
2024/02/23,1331.0
2024/02/24,
2024/02/25,
2024/02/26,1329.3
2024/02/27,1331.4
2024/02/28,1331.3
2024/02/29,1334.0
2024/03/01,
2024/03/02,
2024/03/03,
2024/03/04,1334.1
2024/03/05,1330.1
2024/03/06,1333.2
2024/03/07,1335.7
2024/03/08,1329.6
2024/03/09,
2024/03/10,
2024/03/11,1323.1
2024/03/12,1314.4
2024/03/13,1311.1
2024/03/14,1312.8
2024/03/15,1316.9
2024/03/16,
2024/03/17,
2024/03/18,1328.4
2024/03/19,1333.0
2024/03/20,1338.5
2024/03/21,1338.7
2024/03/22,1326.3
2024/03/23,
2024/03/24,
2024/03/25,1336.1
2024/03/26,1340.7
2024/03/27,1338.6
2024/03/28,1345.8
2024/03/29,1346.8
2024/03/30,
2024/03/31,
2024/04/01,1347.4
2024/04/02,1347.1
2024/04/03,1353.0
2024/04/04,1349.1
2024/04/05,1346.8
2024/04/06,
2024/04/07,
2024/04/08,1351.8
2024/04/09,1353.6
2024/04/10,
2024/04/11,1354.4
2024/04/12,1363.7
2024/04/13,
2024/04/14,
2024/04/15,1371.6
2024/04/16,1383.7
2024/04/17,1395.3
2024/04/18,1386.3
2024/04/19,1375.9
2024/04/20,
2024/04/21,
2024/04/22,1385.0
2024/04/23,1380.6
2024/04/24,1377.9
2024/04/25,1370.0
2024/04/26,1376.6
2024/04/27,
2024/04/28,
2024/04/29,1375.9
2024/04/30,1378.7
2024/05/01,
2024/05/02,1378.0
2024/05/03,1378.5
2024/05/04,
2024/05/05,
2024/05/06,
2024/05/07,1365.2
2024/05/08,1357.8
2024/05/09,1364.4
2024/05/10,1367.9
2024/05/11,
2024/05/12,
2024/05/13,1367.9
2024/05/14,1370.1
2024/05/15,
2024/05/16,1369.0
2024/05/17,1349.4
2024/05/18,
2024/05/19,
2024/05/20,1355.2
2024/05/21,1356.2
2024/05/22,1364.4
2024/05/23,1363.1
2024/05/24,1364.5
2024/05/25,
2024/05/26,
2024/05/27,1370.0
2024/05/28,1365.4
2024/05/29,1359.5
2024/05/30,1364.8
2024/05/31,1376.5
2024/06/01,
2024/06/02,
2024/06/03,1381.6
2024/06/04,1377.6
2024/06/05,1373.1
2024/06/06,
2024/06/07,1371.5
2024/06/08,
2024/06/09,
2024/06/10,1366.9
2024/06/11,1377.9
2024/06/12,1377.4
2024/06/13,1377.8
2024/06/14,1371.0
2024/06/15,
2024/06/16,
2024/06/17,1377.7
2024/06/18,1380.4
2024/06/19,1380.5
2024/06/20,1380.8
2024/06/21,1383.8
2024/06/22,
2024/06/23,
2024/06/24,1389.1
2024/06/25,1389.7
2024/06/26,1386.4
2024/06/27,1390.1
2024/06/28,1389.2
2024/06/29,
2024/06/30,
2024/07/01,1382.4
2024/07/02,1380.8
2024/07/03,1387.4
2024/07/04,1389.4
2024/07/05,1381.9
2024/07/06,
2024/07/07,
2024/07/08,1379.0
2024/07/09,1379.4
2024/07/10,1383.4
2024/07/11,1385.6
2024/07/12,1380.1
2024/07/13,
2024/07/14,
2024/07/15,1376.3
2024/07/16,1381.9
2024/07/17,1386.0
2024/07/18,1381.5
2024/07/19,1379.9
2024/07/20,
2024/07/21,
2024/07/22,1386.6
2024/07/23,1388.6
2024/07/24,1385.1
2024/07/25,1385.1
2024/07/26,1385.4
2024/07/27,
2024/07/28,
2024/07/29,1385.4
2024/07/30,1382.0
2024/07/31,1384.6
2024/08/01,1380.1
2024/08/02,1365.9
2024/08/03,
2024/08/04,
2024/08/05,1372.8
2024/08/06,1360.6
2024/08/07,1372.2
2024/08/08,1376.4
2024/08/09,1377.7
2024/08/10,
2024/08/11,
2024/08/12,1369.4
2024/08/13,1367.7
2024/08/14,1370.3
2024/08/15,
2024/08/16,1361.4
2024/08/17,
2024/08/18,
2024/08/19,1360.1
2024/08/20,1337.8
2024/08/21,1332.0
2024/08/22,1332.4
2024/08/23,1335.9
2024/08/24,
2024/08/25,
2024/08/26,1340.1
2024/08/27,1323.9
2024/08/28,1330.4
2024/08/29,1334.7
2024/08/30,1335.3
2024/08/31,
2024/09/01,
2024/09/02,1334.8
2024/09/03,1338.8
2024/09/04,1341.0
2024/09/05,1342.0
2024/09/06,1335.8
2024/09/07,
2024/09/08,
2024/09/09,1330.4
2024/09/10,1339.5
2024/09/11,1344.3
2024/09/12,1340.3
2024/09/13,1339.6
2024/09/14,
2024/09/15,
2024/09/16,
2024/09/17,
2024/09/18,
2024/09/19,1331.0
2024/09/20,1331.8
2024/09/21,
2024/09/22,
2024/09/23,1329.9
2024/09/24,1335.5
2024/09/25,1334.3
2024/09/26,1328.4
2024/09/27,1329.7
2024/09/28,
2024/09/29,
2024/09/30,1319.6
2024/10/01,
2024/10/02,1306.9
2024/10/03,
2024/10/04,1320.1
2024/10/05,
2024/10/06,
2024/10/07,1333.3
2024/10/08,1346.5
2024/10/09,
2024/10/10,1347.8
2024/10/11,1349.4
2024/10/12,
2024/10/13,
2024/10/14,1348.6
2024/10/15,1354.9
2024/10/16,1360.4
2024/10/17,1363.7
2024/10/18,1366.5
2024/10/19,
2024/10/20,
2024/10/21,1371.1
2024/10/22,1370.4
2024/10/23,1380.1
2024/10/24,1382.0
2024/10/25,1380.5
2024/10/26,
2024/10/27,
2024/10/28,1384.4
2024/10/29,1387.0
2024/10/30,1383.1
2024/10/31,1383.3
2024/11/01,1379.3
2024/11/02,
2024/11/03,
2024/11/04,1377.9
2024/11/05,1371.3
2024/11/06,1377.8
2024/11/07,1391.5
2024/11/08,1399.1
2024/11/09,
2024/11/10,
2024/11/11,1385.4
2024/11/12,1395.3
2024/11/13,1401.1
2024/11/14,1407.3
2024/11/15,1406.4
2024/11/16,
2024/11/17,
2024/11/18,1402.8
2024/11/19,1392.6
2024/11/20,1392.0
2024/11/21,1391.6
