timestamp,비트코인,업비트,bitcoin,coinbase
2017-05-23,42,0,70,6
2017-05-24,59,0,79,8
2017-05-25,100,0,100,10
2017-05-26,66,0,75,6
2017-05-27,54,0,67,5
2017-05-28,40,0,51,4
2017-05-29,43,0,51,3
2017-05-30,36,0,50,4
2017-05-31,44,0,49,4
2017-06-01,69,0,76,7
2017-06-02,53,0,69,6
2017-06-03,51,0,63,6
2017-06-04,46,0,62,6
2017-06-05,56,0,71,7
2017-06-06,53,0,98,10
2017-06-07,48,0,83,8
2017-06-08,47,0,76,7
2017-06-09,47,0,74,6
2017-06-10,52,0,68,8
2017-06-11,57,0,69,9
2017-06-12,91,0,89,16
2017-06-13,70,0,82,11
2017-06-14,83,0,79,9
2017-06-15,100,0,100,11
2017-06-16,74,0,81,8
2017-06-17,66,0,67,7
2017-06-18,54,0,62,6
2017-06-19,64,0,65,7
2017-06-20,92,0,67,8
2017-06-21,71,0,71,10
2017-06-22,61,0,70,8
2017-06-23,59,0,62,7
2017-06-24,47,0,64,5
2017-06-25,61,0,61,7
2017-06-26,82,0,74,9
2017-06-27,94,0,85,7
2017-06-28,61,0,80,7
2017-06-29,48,0,65,6
2017-06-30,42,0,59,5
2017-07-01,59,0,68,5
2017-07-02,55,0,71,5
2017-07-03,81,0,73,6
2017-07-04,70,0,73,6
2017-07-05,61,0,75,6
2017-07-06,70,0,74,5
2017-07-07,72,0,70,6
2017-07-08,58,0,70,5
2017-07-09,54,0,69,5
2017-07-10,41,0,76,6
2017-07-11,76,0,89,7
2017-07-12,66,0,84,7
2017-07-13,56,0,79,6
2017-07-14,78,0,78,6
2017-07-15,87,0,88,5
2017-07-16,100,0,100,6
2017-07-17,100,0,94,7
2017-07-18,83,0,93,8
2017-07-19,79,0,85,7
2017-07-20,90,0,99,7
2017-07-21,68,0,96,7
2017-07-22,52,0,83,5
2017-07-23,48,0,83,5
2017-07-24,52,0,82,6
2017-07-25,62,0,82,6
2017-07-26,62,0,87,6
2017-07-27,63,0,84,6
2017-07-28,56,0,93,8
2017-07-29,47,0,78,6
2017-07-30,53,0,78,6
2017-07-31,64,0,98,6
2017-08-01,69,0,100,5
2017-08-02,77,0,90,4
2017-08-03,50,0,60,4
2017-08-04,56,0,55,4
2017-08-05,64,0,70,4
2017-08-06,51,0,60,3
2017-08-07,65,0,65,4
2017-08-08,68,0,74,5
2017-08-09,61,0,62,5
2017-08-10,47,0,58,5
2017-08-11,60,0,64,5
2017-08-12,57,0,73,5
2017-08-13,82,0,91,5
2017-08-14,69,0,98,7
2017-08-15,78,0,99,6
2017-08-16,80,0,88,5
2017-08-17,73,0,83,5
2017-08-18,86,0,85,5
2017-08-19,86,0,78,4
2017-08-20,68,0,70,4
2017-08-21,98,0,76,5
2017-08-22,82,0,77,5
2017-08-23,100,0,73,5
2017-08-24,88,0,70,5
2017-08-25,73,0,73,5
2017-08-26,54,0,64,4
2017-08-27,55,0,60,4
2017-08-28,71,0,63,5
2017-08-29,77,0,80,6
2017-08-30,75,0,76,6
2017-08-31,89,0,84,7
2017-09-01,62,0,67,7
2017-09-02,68,0,60,5
2017-09-03,58,0,55,4
2017-09-04,69,0,67,5
2017-09-05,63,0,69,4
2017-09-06,61,0,57,4
2017-09-07,69,0,55,4
2017-09-08,65,0,56,4
2017-09-09,46,0,48,3
2017-09-10,63,0,47,3
2017-09-11,52,0,53,3
2017-09-12,52,0,55,3
2017-09-13,67,0,73,3
2017-09-14,85,0,87,4
2017-09-15,100,0,100,5
2017-09-16,59,0,66,3
2017-09-17,44,0,50,2
2017-09-18,66,0,61,3
2017-09-19,67,0,59,3
2017-09-20,69,0,50,3
2017-09-21,49,0,51,3
2017-09-22,50,0,46,3
2017-09-23,47,0,38,2
2017-09-24,42,0,35,2
2017-09-25,44,12,42,3
2017-09-26,39,8,43,2
2017-09-27,53,0,43,3
2017-09-28,53,0,44,3
2017-09-29,34,0,43,2
2017-09-30,43,0,39,2
2017-10-01,34,0,42,2
2017-10-02,40,0,45,3
2017-10-03,43,0,44,3
2017-10-04,49,0,41,2
2017-10-05,37,0,40,2
2017-10-06,40,0,41,2
2017-10-07,43,0,36,2
2017-10-08,48,0,39,2
2017-10-09,57,0,50,3
2017-10-10,63,0,51,3
2017-10-11,52,0,47,3
2017-10-12,73,0,81,5
2017-10-13,84,0,100,6
2017-10-14,60,0,63,4
2017-10-15,54,0,62,4
2017-10-16,68,0,61,4
2017-10-17,62,0,61,4
2017-10-18,64,0,62,4
2017-10-19,65,8,59,4
2017-10-20,70,8,68,4
2017-10-21,81,0,83,5
2017-10-22,71,0,65,4
2017-10-23,100,0,76,4
2017-10-24,90,48,82,5
2017-10-25,61,13,74,4
2017-10-26,68,18,70,4
2017-10-27,54,15,62,4
2017-10-28,58,15,52,3
2017-10-29,70,23,58,3
2017-10-30,55,20,68,4
2017-10-31,84,20,83,4
2017-11-01,25,8,29,2
2017-11-02,40,5,38,2
2017-11-03,33,5,33,2
2017-11-04,21,3,25,2
2017-11-05,21,2,26,2
2017-11-06,24,3,28,2
2017-11-07,23,4,25,2
2017-11-08,25,3,29,2
2017-11-09,24,4,27,2
2017-11-10,35,6,31,2
2017-11-11,40,4,30,2
2017-11-12,92,15,39,2
2017-11-13,64,11,35,2
2017-11-14,47,9,27,2
2017-11-15,33,7,27,2
2017-11-16,37,11,28,2
2017-11-17,32,8,30,2
2017-11-18,27,12,24,2
2017-11-19,27,10,23,2
2017-11-20,30,14,30,2
2017-11-21,37,20,32,2
2017-11-22,35,23,27,2
2017-11-23,41,23,25,2
2017-11-24,66,42,23,2
2017-11-25,41,22,26,2
2017-11-26,59,28,37,3
2017-11-27,62,39,52,4
2017-11-28,71,46,58,4
2017-11-29,100,75,100,9
2017-11-30,82,56,80,7
2017-12-01,22,17,36,3
2017-12-02,20,18,29,2
2017-12-03,21,19,30,2
2017-12-04,22,20,33,2
2017-12-05,25,22,33,3
2017-12-06,39,38,46,4
2017-12-07,59,41,93,8
2017-12-08,80,50,83,7
2017-12-09,58,28,56,5
2017-12-10,100,38,54,4
2017-12-11,75,31,62,5
2017-12-12,54,32,59,11
2017-12-13,49,38,54,9
2017-12-14,42,40,47,7
2017-12-15,36,43,41,6
2017-12-16,36,39,41,5
2017-12-17,40,57,43,5
2017-12-18,42,66,47,5
2017-12-19,57,80,49,6
2017-12-20,50,66,67,11
2017-12-21,56,75,52,7
2017-12-22,75,75,100,8
2017-12-23,46,51,61,5
2017-12-24,39,39,46,4
2018-01-01,28,45,44,5
2018-01-02,32,57,52,8
2018-01-03,38,72,51,11
2018-01-04,50,100,51,13
2018-01-05,51,84,49,11
2018-01-06,57,71,45,8
2018-01-07,66,71,43,7
2018-01-08,64,78,50,7
2018-01-09,58,68,48,7
2018-01-10,60,76,49,7
2018-01-11,77,94,54,6
2018-01-12,54,70,45,5
2018-01-13,54,60,41,5
2018-01-14,46,51,36,4
2018-01-15,47,52,37,4
2018-01-16,66,62,75,5
2018-01-17,73,63,100,7
2018-01-18,52,54,70,5
2018-01-19,41,45,50,4
2018-01-20,37,38,41,3
2018-01-21,34,38,39,3
2018-01-22,33,36,43,3
2018-01-23,29,39,43,3
2018-01-24,26,49,40,3
2018-01-25,26,44,38,3
2018-01-26,25,38,36,3
2018-01-27,21,28,32,2
2018-01-28,21,29,30,3
2018-01-29,19,34,32,2
2018-01-30,22,33,35,2
2018-01-31,25,31,36,2
2018-02-01,64,76,60,3
2018-02-02,100,100,81,4
2018-02-03,62,65,51,3
2018-02-04,55,60,44,3
2018-02-05,62,63,78,3
2018-02-06,78,75,100,4
2018-02-07,55,63,62,3
2018-02-08,48,63,52,2
2018-02-09,46,66,46,2
2018-02-10,40,65,37,2
2018-02-11,37,48,35,2
2018-02-12,37,57,37,2
2018-02-13,34,49,35,2
2018-02-14,34,54,35,3
2018-02-15,32,50,36,3
2018-02-16,30,41,35,3
2018-02-17,32,42,32,3
2018-02-18,32,41,32,3
2018-02-19,29,47,32,3
2018-02-20,31,56,34,3
2018-02-21,31,44,35,2
2018-02-22,34,42,32,2
2018-02-23,27,43,29,2
2018-02-24,24,34,24,2
2018-02-25,26,29,22,2
2018-02-26,28,40,26,2
2018-02-27,27,38,27,2
2018-02-28,20,35,25,2
2018-03-01,47,76,76,5
2018-03-02,47,100,80,6
2018-03-03,41,70,79,5
2018-03-04,35,56,67,6
2018-03-05,44,83,77,9
2018-03-06,37,69,79,8
2018-03-07,52,72,91,8
2018-03-08,45,62,86,6
2018-03-09,49,70,100,6
2018-03-10,28,48,72,5
2018-03-11,46,43,72,4
2018-03-12,46,57,80,5
2018-03-13,41,45,74,5
2018-03-14,44,61,91,6
2018-03-15,49,65,98,5
2018-03-16,37,49,81,4
2018-03-17,42,35,72,4
2018-03-18,54,45,87,4
2018-03-19,44,64,83,5
2018-03-20,43,62,78,4
2018-03-21,41,61,77,5
2018-03-22,41,66,74,4
2018-03-23,39,64,72,4
2018-03-24,35,64,61,3
2018-03-25,33,41,60,3
2018-03-26,40,59,83,4
2018-03-27,38,49,74,5
2018-03-28,34,51,71,4
2018-03-29,36,48,84,5
2018-03-30,44,55,97,4
2018-03-31,33,38,69,4
2018-04-01,54,47,94,4
2018-04-02,36,57,95,5
2018-04-03,40,66,96,5
2018-04-04,40,56,89,5
2018-04-05,54,84,96,7
2018-04-06,39,56,100,6
2018-04-07,34,44,76,4
2018-04-08,35,38,72,4
2018-04-09,37,53,88,5
2018-04-10,42,53,83,4
2018-04-11,32,55,79,4
2018-04-12,47,83,95,5
2018-04-13,52,88,96,6
2018-04-14,32,50,73,4
2018-04-15,33,52,72,4
2018-04-16,41,71,78,5
2018-04-17,42,67,77,5
2018-04-18,40,77,76,5
2018-04-19,46,88,76,5
2018-04-20,47,96,79,6
2018-04-21,40,74,76,5
2018-04-22,38,58,73,5
2018-04-23,39,70,79,6
2018-04-24,56,99,96,7
2018-04-25,60,100,86,6
2018-04-26,50,99,78,5
2018-04-27,37,99,72,5
2018-04-28,40,76,61,4
2018-04-29,42,75,65,4
2018-04-30,46,86,67,5
2018-05-01,37,69,82,6
2018-05-02,38,72,81,6
2018-05-03,37,76,90,7
2018-05-04,32,60,90,8
2018-05-05,29,45,88,8
2018-05-06,30,49,83,6
2018-05-07,34,51,88,6
2018-05-08,34,51,87,6
2018-05-09,37,51,86,6
2018-05-10,36,62,85,6
2018-05-11,48,100,100,7
2018-05-12,29,52,77,5
2018-05-13,25,50,75,5
2018-05-14,40,57,87,6
2018-05-15,37,53,79,6
2018-05-16,36,48,81,5
2018-05-17,27,38,74,6
2018-05-18,27,37,80,5
2018-05-19,22,28,63,4
2018-05-20,22,36,69,5
2018-05-21,27,38,72,6
2018-05-22,25,32,78,5
2018-05-23,38,37,95,7
2018-05-24,34,36,91,7
2018-05-25,26,38,79,5
2018-05-26,23,24,65,4
2018-05-27,27,23,67,4
2018-05-28,28,35,78,4
2018-05-29,33,47,81,5
2018-05-30,27,37,73,5
2018-05-31,28,33,72,5
2018-06-01,54,68,60,4
2018-06-02,57,67,58,4
2018-06-03,62,72,60,4
2018-06-04,72,74,63,5
2018-06-05,62,71,65,5
2018-06-06,69,48,62,4
2018-06-07,57,74,61,5
2018-06-08,57,59,58,4
2018-06-09,52,49,51,3
2018-06-10,100,60,75,4
2018-06-11,89,87,100,5
2018-06-12,65,69,82,8
2018-06-13,76,56,91,6
2018-06-14,62,90,84,5
2018-06-15,56,67,66,4
2018-06-16,60,63,61,3
2018-06-17,55,47,57,3
2018-06-18,79,60,69,4
2018-06-19,61,67,66,4
2018-06-20,96,86,66,4
2018-06-21,76,75,62,5
2018-06-22,76,63,77,5
2018-06-23,64,58,65,4
2018-06-24,79,60,76,4
2018-06-25,67,71,70,4
2018-06-26,68,64,65,4
2018-06-27,64,56,63,4
2018-06-28,46,70,62,5
2018-06-29,73,58,80,5
2018-06-30,57,57,68,4
2018-07-01,41,40,61,4
2018-07-02,52,60,71,5
2018-07-03,41,55,68,5
2018-07-04,46,57,64,4
2018-07-05,36,45,65,4
2018-07-06,38,53,61,4
2018-07-07,33,31,52,3
2018-07-08,28,40,56,4
2018-07-09,47,52,63,4
2018-07-10,38,34,64,4
2018-07-11,44,47,62,4
2018-07-12,44,37,65,4
2018-07-13,36,36,60,5
2018-07-14,33,21,57,5
2018-07-15,34,35,53,4
2018-07-16,39,39,64,5
2018-07-17,49,48,87,7
2018-07-18,83,84,92,7
2018-07-19,48,49,78,5
2018-07-20,48,37,73,5
2018-07-21,35,37,62,4
2018-07-22,32,25,59,4
2018-07-23,47,39,75,5
2018-07-24,73,74,100,7
2018-07-25,63,100,94,7
2018-07-26,53,58,85,6
2018-07-27,41,67,81,6
2018-07-28,38,46,62,4
2018-07-29,43,48,63,4
2018-07-30,43,52,73,5
2018-07-31,46,50,73,5
2018-08-01,63,58,80,5
2018-08-02,54,71,80,5
2018-08-03,68,57,78,5
2018-08-04,59,41,73,6
2018-08-05,41,36,68,5
2018-08-06,57,46,76,6
2018-08-07,61,57,78,9
2018-08-08,74,68,98,7
2018-08-09,69,54,86,6
2018-08-10,57,40,82,6
2018-08-11,60,35,82,5
2018-08-12,48,31,68,4
2018-08-13,69,46,78,5
2018-08-14,100,67,100,6
2018-08-15,71,56,87,6
2018-08-16,73,60,80,7
2018-08-17,53,48,70,7
2018-08-18,54,47,65,5
2018-08-19,53,37,62,4
2018-08-20,58,54,71,4
2018-08-21,71,45,74,4
2018-08-22,72,58,83,5
2018-08-23,61,43,72,4
2018-08-24,56,39,67,4
2018-08-25,57,34,64,4
2018-08-26,57,37,58,4
2018-08-27,52,53,67,4
2018-08-28,60,60,86,5
2018-08-29,67,53,77,5
2018-08-30,68,59,72,4
2018-08-31,60,38,68,4
2018-09-01,61,37,64,4
2018-09-02,53,33,65,4
2018-09-03,72,44,69,4
2018-09-04,59,39,75,5
2018-09-05,88,63,86,5
2018-09-06,100,58,100,6
2018-09-07,60,36,78,5
2018-09-08,52,20,69,4
2018-09-09,57,31,64,4
2018-09-10,60,41,70,4
2018-09-11,64,46,73,4
2018-09-12,63,42,79,4
2018-09-13,56,46,80,4
2018-09-14,65,57,67,4
2018-09-15,55,31,58,3
2018-09-16,43,25,56,3
2018-09-17,67,47,63,4
2018-09-18,53,42,62,4
2018-09-19,59,48,65,4
2018-09-20,56,38,64,4
2018-09-21,65,99,71,6
2018-09-22,55,78,60,4
2018-09-23,48,59,58,4
2018-09-24,59,35,61,4
2018-09-25,53,44,65,5
2018-09-26,59,45,63,6
2018-09-27,65,55,60,5
2018-09-28,71,70,61,5
2018-09-29,50,43,51,4
2018-09-30,48,50,54,4
2018-10-01,61,61,74,5
2018-10-02,54,58,71,6
2018-10-03,77,43,75,6
2018-10-04,63,60,75,5
2018-10-05,56,64,70,5
2018-10-06,49,24,62,4
2018-10-07,44,36,57,4
2018-10-08,55,63,70,5
2018-10-09,55,36,69,5
2018-10-10,72,59,76,5
2018-10-11,98,75,100,7
2018-10-12,77,49,79,7
2018-10-13,57,43,71,4
2018-10-14,65,34,66,4
2018-10-15,100,77,87,6
2018-10-16,66,54,79,7
2018-10-17,54,44,73,8
2018-10-18,55,40,72,6
2018-10-19,52,59,66,5
2018-10-20,46,39,62,4
2018-10-21,50,38,63,4
2018-10-22,56,57,69,5
2018-10-23,53,45,72,6
2018-10-24,61,47,74,6
2018-10-25,53,35,71,5
2018-10-26,49,39,66,5
2018-10-27,29,26,62,4
2018-10-28,42,25,56,4
2018-10-29,69,47,72,5
2018-10-30,67,35,72,5
2018-10-31,54,43,73,5
2018-11-01,47,26,38,3
2018-11-02,31,33,36,3
2018-11-03,29,19,31,3
2018-11-04,34,31,37,3
2018-11-05,41,26,42,3
2018-11-06,41,34,39,3
2018-11-07,43,32,40,3
2018-11-08,40,36,38,3
2018-11-09,42,45,38,3
2018-11-10,22,26,33,2
2018-11-11,38,26,32,2
2018-11-12,43,31,36,3
2018-11-13,38,34,37,3
2018-11-14,68,33,64,4
2018-11-15,82,40,71,4
2018-11-16,56,31,53,3
2018-11-17,46,24,43,3
2018-11-18,46,29,39,3
2018-11-19,75,38,68,4
2018-11-20,100,50,100,5
2018-11-21,70,42,80,3
2018-11-22,60,48,57,2
2018-11-23,56,36,60,2
2018-11-24,50,27,55,3
2018-11-25,79,35,86,3
2018-11-26,79,44,79,3
2018-11-27,77,52,78,3
2018-11-28,64,38,70,4
2018-11-29,51,35,57,3
2018-11-30,55,37,57,3
2018-12-01,43,29,63,3
2018-12-02,50,29,56,3
2018-12-03,60,37,74,3
2018-12-04,57,35,75,3
2018-12-05,66,36,71,4
2018-12-06,76,42,78,4
2018-12-07,100,52,100,5
2018-12-08,57,36,71,4
2018-12-09,79,30,68,3
2018-12-10,66,35,74,4
2018-12-11,65,30,69,4
2018-12-12,53,29,68,3
2018-12-13,66,31,68,3
2018-12-14,58,32,74,4
2018-12-15,53,19,66,3
2018-12-16,51,25,62,3
2018-12-17,59,29,80,4
2018-12-18,67,38,74,4
2018-12-19,82,48,81,5
2018-12-20,78,67,82,6
2018-12-21,78,88,76,5
2018-12-22,65,35,61,4
2018-12-23,67,41,57,3
2018-12-24,67,60,70,4
2019-01-01,62,38,91,4
2019-01-02,68,47,93,5
2019-01-03,74,51,97,6
2019-01-04,76,58,94,5
2019-01-05,57,44,79,5
2019-01-06,73,42,85,5
2019-01-07,62,45,91,5
2019-01-08,67,46,90,5
2019-01-09,70,38,93,5
2019-01-10,100,54,100,6
2019-01-11,87,42,89,5
2019-01-12,60,32,79,4
2019-01-13,56,39,78,5
2019-01-14,71,44,90,5
2019-01-15,61,43,85,5
2019-01-16,74,41,84,4
2019-01-17,75,42,79,5
2019-01-18,76,46,76,5
2019-01-19,61,34,71,4
2019-01-20,60,29,68,4
2019-01-21,65,45,77,4
2019-01-22,56,42,76,4
2019-01-23,75,36,74,5
2019-01-24,45,35,76,4
2019-01-25,66,59,71,4
2019-01-26,70,35,65,4
2019-01-27,58,42,67,4
2019-01-28,74,42,84,5
2019-01-29,69,30,80,4
2019-01-30,75,38,76,4
2019-01-31,80,50,75,4
2019-02-01,75,42,70,4
2019-02-02,52,28,66,4
2019-02-03,55,26,64,4
2019-02-04,66,47,75,4
2019-02-05,53,53,90,5
2019-02-06,78,40,88,5
2019-02-07,78,56,80,5
2019-02-08,71,66,83,5
2019-02-09,54,42,76,5
2019-02-10,59,36,71,4
2019-02-11,66,47,77,4
2019-02-12,70,48,74,4
2019-02-13,65,31,76,5
2019-02-14,70,44,74,5
2019-02-15,68,39,69,5
2019-02-16,58,34,64,4
2019-02-17,70,47,63,4
2019-02-18,81,62,89,5
2019-02-19,92,72,94,6
2019-02-20,100,58,88,5
2019-02-21,87,58,81,5
2019-02-22,79,56,81,5
2019-02-23,75,41,81,5
2019-02-24,82,42,100,5
2019-02-25,72,43,88,8
2019-02-26,65,46,77,9
2019-02-27,47,36,72,6
2019-02-28,64,47,72,6
2019-03-01,64,45,92,9
2019-03-02,65,30,81,7
2019-03-03,71,32,84,6
2019-03-04,88,54,96,6
2019-03-05,87,52,97,6
2019-03-06,85,50,97,6
2019-03-07,79,47,97,6
2019-03-08,61,53,86,7
2019-03-09,79,70,92,6
2019-03-10,60,54,86,5
2019-03-11,85,77,94,6
2019-03-12,67,80,95,6
2019-03-13,72,71,91,6
2019-03-14,73,65,86,6
2019-03-15,78,61,89,6
2019-03-16,84,36,89,6
2019-03-17,71,50,85,5
2019-03-18,82,63,94,7
2019-03-19,91,78,98,6
2019-03-20,76,46,97,6
2019-03-21,79,66,100,6
2019-03-22,79,64,90,5
2019-03-23,60,59,85,6
2019-03-24,62,44,82,5
2019-03-25,71,58,87,6
2019-03-26,64,54,88,6
2019-03-27,100,53,99,8
2019-03-28,74,64,95,7
2019-03-29,71,61,96,8
2019-03-30,65,56,86,6
2019-03-31,66,59,78,6
2019-04-01,33,19,42,3
2019-04-02,100,58,98,6
2019-04-03,63,55,100,7
2019-04-04,43,38,76,5
2019-04-05,40,34,61,4
2019-04-06,32,27,53,3
2019-04-07,35,26,52,4
2019-04-08,43,31,60,4
2019-04-09,40,28,56,4
2019-04-10,34,29,59,4
2019-04-11,44,34,58,5
2019-04-12,40,25,50,3
2019-04-13,24,17,44,3
2019-04-14,29,16,43,3
2019-04-15,30,24,50,3
2019-04-16,29,19,50,3
2019-04-17,29,22,55,3
2019-04-18,31,23,49,4
2019-04-19,27,23,48,3
2019-04-20,27,22,47,3
2019-04-21,28,16,44,3
2019-04-22,31,22,47,3
2019-04-23,36,21,65,4
2019-04-24,43,23,57,4
2019-04-25,32,21,56,3
2019-04-26,25,21,54,4
2019-04-27,25,15,43,3
2019-04-28,24,14,40,3
2019-04-29,27,17,44,3
2019-04-30,24,17,45,4
2019-05-01,20,17,34,3
2019-05-02,24,16,37,3
2019-05-03,27,18,49,3
2019-05-04,22,11,38,3
2019-05-05,21,12,40,2
2019-05-06,27,14,40,3
2019-05-07,29,15,48,3
2019-05-08,31,13,48,3
2019-05-09,37,18,53,3
2019-05-10,34,17,56,4
2019-05-11,54,29,75,5
2019-05-12,57,27,76,4
2019-05-13,65,34,87,5
2019-05-14,100,59,100,7
2019-05-15,70,39,82,7
2019-05-16,72,51,78,6
2019-05-17,60,47,77,5
2019-05-18,44,26,59,4
2019-05-19,43,29,65,4
2019-05-20,53,35,68,4
2019-05-21,49,38,65,5
2019-05-22,47,31,58,4
2019-05-23,40,27,56,4
2019-05-24,38,25,52,4
2019-05-25,35,19,46,3
2019-05-26,38,30,53,4
2019-05-27,60,33,76,5
2019-05-28,53,38,65,5
2019-05-29,57,43,66,4
2019-05-30,48,41,61,5
2019-05-31,46,30,61,4
2019-06-01,35,20,29,2
2019-06-02,44,29,29,2
2019-06-03,45,38,30,2
2019-06-04,56,27,35,2
2019-06-05,38,33,31,2
2019-06-06,44,26,27,2
2019-06-07,35,32,30,2
2019-06-08,37,24,25,2
2019-06-09,31,26,23,2
2019-06-10,38,23,27,2
2019-06-11,33,24,27,2
2019-06-12,42,25,26,3
2019-06-13,32,27,26,2
2019-06-14,41,20,28,2
2019-06-15,35,23,29,2
2019-06-16,41,28,36,2
2019-06-17,47,27,38,3
2019-06-18,43,29,37,2
2019-06-19,32,25,33,2
2019-06-20,34,27,34,2
2019-06-21,47,28,44,3
2019-06-22,70,34,67,4
2019-06-23,46,25,46,3
2019-06-24,46,30,48,3
2019-06-25,58,42,56,3
2019-06-26,100,55,100,6
2019-06-27,92,45,81,5
2019-06-28,67,36,61,4
2019-06-29,47,30,47,4
2019-06-30,52,27,42,3
2019-07-01,100,50,99,6
2019-07-02,86,53,100,6
2019-07-03,79,50,87,5
2019-07-04,67,40,82,5
2019-07-05,68,35,78,4
2019-07-06,53,28,66,4
2019-07-07,57,34,63,4
2019-07-08,69,30,77,5
2019-07-09,81,34,91,5
2019-07-10,83,36,91,6
2019-07-11,81,38,87,5
2019-07-12,78,34,80,5
2019-07-13,59,22,71,4
2019-07-14,72,28,71,4
2019-07-15,78,47,90,5
2019-07-16,77,37,89,5
2019-07-17,81,33,92,5
2019-07-18,78,37,82,5
2019-07-19,64,33,74,4
2019-07-20,57,29,62,4
2019-07-21,58,26,61,3
2019-07-22,56,28,64,4
2019-07-23,55,35,68,4
2019-07-24,60,24,70,4
2019-07-25,52,28,67,3
2019-07-26,56,20,59,3
2019-07-27,54,27,60,3
2019-07-28,43,20,54,3
2019-07-29,54,22,63,3
2019-07-30,54,22,63,4
2019-07-31,50,23,62,4
2019-08-01,62,23,73,4
2019-08-02,50,23,74,4
2019-08-03,57,25,68,4
2019-08-04,58,18,64,4
2019-08-05,100,29,99,6
2019-08-06,91,31,100,6
2019-08-07,75,25,90,5
2019-08-08,60,29,85,5
2019-08-09,62,28,77,4
2019-08-10,57,22,66,5
2019-08-11,56,17,65,4
2019-08-12,50,21,71,4
2019-08-13,66,21,75,4
2019-08-14,68,23,84,5
2019-08-15,63,34,90,5
2019-08-16,62,17,78,4
2019-08-17,43,9,63,4
2019-08-18,45,16,62,4
2019-08-19,61,28,71,4
2019-08-20,50,16,69,4
2019-08-21,60,24,73,4
2019-08-22,63,24,70,4
2019-08-23,66,34,68,4
2019-08-24,47,20,60,3
2019-08-25,49,18,55,3
2019-08-26,61,25,68,4
2019-08-27,64,25,67,4
2019-08-28,59,15,71,4
2019-08-29,68,24,73,4
2019-08-30,62,22,65,4
2019-08-31,52,14,54,3
2019-09-01,50,13,59,4
2019-09-02,55,21,74,5
2019-09-03,59,15,85,5
2019-09-04,50,18,77,5
2019-09-05,46,19,74,4
2019-09-06,48,25,71,5
2019-09-07,49,12,61,4
2019-09-08,46,10,56,4
2019-09-09,54,18,64,4
2019-09-10,48,14,66,5
2019-09-11,41,14,66,4
2019-09-12,52,20,65,4
2019-09-13,51,10,60,4
2019-09-14,42,17,56,4
2019-09-15,38,18,55,4
2019-09-16,51,14,62,4
2019-09-17,52,21,61,5
2019-09-18,53,28,63,6
2019-09-19,58,25,65,5
2019-09-20,49,26,63,5
2019-09-21,46,16,54,4
2019-09-22,42,15,51,4
2019-09-23,43,17,65,5
2019-09-24,72,23,90,6
2019-09-25,100,33,100,6
2019-09-26,67,25,97,5
2019-09-27,68,25,85,5
2019-09-28,61,10,68,4
2019-09-29,56,10,64,4
2019-09-30,69,16,75,5
2019-10-01,56,20,69,4
2019-10-02,48,10,64,4
2019-10-03,52,12,62,4
2019-10-04,59,15,58,4
2019-10-05,46,12,51,3
2019-10-06,48,8,53,4
2019-10-07,58,15,62,4
2019-10-08,50,18,61,4
2019-10-09,47,14,61,4
2019-10-10,60,14,58,4
2019-10-11,52,12,55,4
2019-10-12,49,11,48,3
2019-10-13,52,7,50,4
2019-10-14,46,15,54,4
2019-10-15,38,15,56,4
2019-10-16,52,13,57,4
2019-10-17,58,14,58,4
2019-10-18,65,14,54,3
2019-10-19,40,10,49,3
2019-10-20,48,10,50,3
2019-10-21,48,14,54,4
2019-10-22,44,13,53,4
2019-10-23,59,15,74,4
2019-10-24,72,14,66,4
2019-10-25,65,18,71,5
2019-10-26,100,31,100,5
2019-10-27,53,23,72,4
2019-10-28,61,17,73,5
2019-10-29,61,19,71,5
2019-10-30,46,18,63,5
2019-10-31,46,18,64,4
2019-11-01,74,14,72,5
2019-11-02,50,15,67,4
2019-11-03,60,18,64,4
2019-11-04,53,22,75,5
2019-11-05,65,24,73,6
2019-11-06,72,19,75,5
2019-11-07,64,19,71,6
2019-11-08,55,20,75,5
2019-11-09,57,14,63,5
2019-11-10,52,20,61,4
2019-11-11,59,18,71,5
2019-11-12,65,21,71,5
2019-11-13,67,18,69,5
2019-11-14,65,12,60,5
2019-11-15,57,17,63,5
2019-11-16,51,12,62,4
2019-11-17,49,10,61,4
2019-11-18,69,25,69,5
2019-11-19,69,28,75,5
2019-11-20,62,21,68,5
2019-11-21,74,19,83,5
2019-11-22,71,28,100,6
2019-11-23,89,25,77,5
2019-11-24,74,14,75,5
2019-11-25,100,20,99,6
2019-11-26,80,16,87,5
2019-11-27,87,66,83,5
2019-11-28,73,67,75,4
2019-11-29,71,33,68,4
2019-11-30,70,16,65,5
2019-12-01,89,26,81,6
2019-12-02,76,35,87,6
2019-12-03,89,31,88,6
2019-12-04,71,37,90,6
2019-12-05,84,26,85,5
2019-12-06,85,25,80,5
2019-12-07,65,20,76,5
2019-12-08,79,27,73,5
2019-12-09,90,32,78,5
2019-12-10,88,21,81,5
2019-12-11,71,31,82,5
2019-12-12,80,15,83,5
2019-12-13,86,29,80,5
2019-12-14,83,18,78,5
2019-12-15,78,18,72,5
2019-12-16,82,25,85,6
2019-12-17,100,26,99,6
2019-12-18,93,27,100,6
2019-12-19,83,33,98,6
2019-12-20,81,17,88,6
2019-12-21,74,15,77,5
2019-12-22,83,16,78,5
2019-12-23,85,20,90,6
2019-12-24,73,25,79,5
2020-01-01,49,10,60,4
2020-01-02,49,12,68,5
2020-01-03,53,17,73,5
2020-01-04,63,14,66,4
2020-01-05,66,10,66,4
2020-01-06,66,23,77,5
2020-01-07,69,24,91,6
2020-01-08,100,29,100,6
2020-01-09,87,18,79,5
2020-01-10,65,24,78,5
2020-01-11,65,17,71,5
2020-01-12,72,12,64,4
2020-01-13,48,13,68,5
2020-01-14,99,29,97,9
2020-01-15,96,32,97,7
2020-01-16,76,27,81,6
2020-01-17,81,30,87,7
2020-01-18,78,29,76,6
2020-01-19,78,28,85,6
2020-01-20,57,26,78,5
2020-01-21,72,28,74,5
2020-01-22,56,23,69,5
2020-01-23,52,21,72,5
2020-01-24,56,18,65,5
2020-01-25,62,13,62,4
2020-01-26,61,13,61,4
2020-01-27,71,22,74,5
2020-01-28,75,27,83,6
2020-01-29,75,27,85,6
2020-01-30,78,24,87,7
2020-01-31,76,30,79,6
2020-02-01,63,29,67,5
2020-02-02,73,18,67,6
2020-02-03,87,23,68,5
2020-02-04,81,29,71,5
2020-02-05,84,42,82,7
2020-02-06,82,33,84,6
2020-02-07,83,38,76,6
2020-02-08,85,29,74,6
2020-02-09,99,28,96,8
2020-02-10,86,32,86,6
2020-02-11,83,22,89,7
2020-02-12,100,50,100,10
2020-02-13,90,77,91,9
2020-02-14,81,49,81,8
2020-02-15,76,51,79,7
2020-02-16,81,39,77,7
2020-02-17,92,45,82,7
2020-02-18,78,46,79,7
2020-02-19,75,45,83,8
2020-02-20,71,40,84,7
2020-02-21,71,42,74,7
2020-02-22,64,25,64,5
2020-02-23,53,29,67,5
2020-02-24,72,36,78,6
2020-02-25,76,31,77,6
2020-02-26,80,25,87,6
2020-02-27,67,32,85,5
2020-02-28,53,31,85,6
2020-02-29,57,24,70,5
2020-03-01,28,14,28,2
2020-03-02,33,15,29,2
2020-03-03,30,11,29,2
2020-03-04,28,12,29,2
2020-03-05,33,13,31,2
2020-03-06,31,14,29,2
2020-03-07,33,12,25,2
2020-03-08,39,13,29,2
2020-03-09,39,14,49,2
2020-03-10,33,14,37,2
2020-03-11,42,15,34,2
2020-03-12,75,27,68,4
2020-03-13,100,39,100,5
2020-03-14,55,23,61,3
2020-03-15,48,18,52,3
2020-03-16,58,24,67,3
2020-03-17,61,22,56,3
2020-03-18,52,19,51,3
2020-03-19,68,30,57,3
2020-03-20,51,22,59,3
2020-03-21,55,17,47,3
2020-03-22,49,18,43,3
2020-03-23,53,15,45,3
2020-03-24,55,17,46,3
2020-03-25,46,15,43,2
2020-03-26,46,14,39,2
2020-03-27,39,16,36,2
2020-03-28,48,14,37,2
2020-03-29,33,11,34,2
2020-03-30,45,18,37,2
2020-03-31,37,16,34,2
2020-04-01,62,25,57,3
2020-04-02,77,30,65,4
2020-04-03,73,20,60,4
2020-04-04,66,16,56,4
2020-04-05,69,17,54,4
2020-04-06,71,26,63,5
2020-04-07,64,29,67,5
2020-04-08,79,28,61,4
2020-04-09,63,17,59,4
2020-04-10,69,30,64,4
2020-04-11,63,18,58,4
2020-04-12,55,15,59,4
2020-04-13,68,29,61,4
2020-04-14,58,19,57,4
2020-04-15,56,14,60,4
2020-04-16,50,19,61,4
2020-04-17,54,18,56,4
2020-04-18,57,24,55,4
2020-04-19,57,18,56,4
2020-04-20,59,17,57,4
2020-04-21,55,15,55,4
2020-04-22,48,14,57,4
2020-04-23,66,16,61,5
2020-04-24,65,21,64,5
2020-04-25,73,20,59,4
2020-04-26,63,20,61,5
2020-04-27,62,22,63,5
2020-04-28,66,21,63,5
2020-04-29,78,28,89,8
2020-04-30,100,35,100,7
2020-05-01,64,26,57,4
2020-05-02,67,18,51,4
2020-05-03,65,16,53,4
2020-05-04,59,16,53,4
2020-05-05,60,17,50,4
2020-05-06,64,21,55,4
2020-05-07,59,18,70,5
2020-05-08,76,15,79,5
2020-05-09,71,17,66,4
2020-05-10,100,23,85,6
2020-05-11,89,17,100,5
2020-05-12,73,12,76,4
2020-05-13,61,15,67,4
2020-05-14,57,21,64,4
2020-05-15,57,16,54,4
2020-05-16,53,10,50,3
2020-05-17,52,19,53,4
2020-05-18,56,16,54,4
2020-05-19,51,21,48,3
2020-05-20,43,18,48,3
2020-05-21,60,21,50,4
2020-05-22,40,18,46,3
2020-05-23,44,13,42,3
2020-05-24,46,21,44,3
2020-05-25,48,19,48,3
2020-05-26,50,22,45,3
2020-05-27,46,19,44,3
2020-05-28,49,18,43,3
2020-05-29,43,14,41,3
2020-05-30,57,20,39,3
2020-05-31,51,18,39,3
2020-06-01,72,31,71,6
2020-06-02,100,40,100,7
2020-06-03,92,40,80,5
2020-06-04,94,35,75,6
2020-06-05,79,41,73,5
2020-06-06,67,27,65,5
2020-06-07,82,31,69,5
2020-06-08,79,28,69,5
2020-06-09,74,34,68,5
2020-06-10,70,23,67,5
2020-06-11,75,34,74,6
2020-06-12,80,27,71,5
2020-06-13,66,18,66,4
2020-06-14,75,20,65,5
2020-06-15,98,39,71,5
2020-06-16,70,21,68,5
2020-06-17,65,32,67,5
2020-06-18,68,28,65,5
2020-06-19,68,38,65,4
2020-06-20,73,20,57,4
2020-06-21,73,30,55,5
2020-06-22,75,37,64,5
2020-06-23,66,38,66,5
2020-06-24,57,30,67,5
2020-06-25,74,29,65,5
2020-06-26,71,31,63,4
2020-06-27,60,20,58,4
2020-06-28,71,26,65,4
2020-06-29,66,25,62,5
2020-06-30,66,24,60,5
2020-07-01,53,24,52,4
2020-07-02,60,28,51,4
2020-07-03,52,18,50,4
2020-07-04,49,15,44,4
2020-07-05,53,24,47,4
2020-07-06,55,25,51,4
2020-07-07,53,31,48,5
2020-07-08,46,32,54,5
2020-07-09,52,27,53,6
2020-07-10,54,23,51,5
2020-07-11,42,26,46,4
2020-07-12,43,17,47,4
2020-07-13,59,25,51,5
2020-07-14,52,37,54,5
2020-07-15,50,27,60,5
2020-07-16,52,27,71,5
2020-07-17,57,23,55,5
2020-07-18,45,23,78,4
2020-07-19,48,16,50,4
2020-07-20,59,24,49,4
2020-07-21,62,24,52,4
2020-07-22,59,21,51,5
2020-07-23,49,30,56,5
2020-07-24,66,24,53,5
2020-07-25,55,32,57,5
2020-07-26,69,34,69,6
2020-07-27,95,47,95,8
2020-07-28,100,43,100,7
2020-07-29,86,50,83,7
2020-07-30,84,56,73,7
2020-07-31,80,44,77,7
2020-08-01,89,34,100,9
2020-08-02,100,59,100,9
2020-08-03,79,43,84,7
2020-08-04,78,41,75,7
2020-08-05,80,45,81,7
2020-08-06,76,48,84,7
2020-08-07,76,41,80,7
2020-08-08,63,36,72,7
2020-08-09,61,40,71,7
2020-08-10,76,50,81,7
2020-08-11,71,42,77,7
2020-08-12,64,34,74,7
2020-08-13,73,38,72,8
2020-08-14,77,46,70,8
2020-08-15,70,35,67,7
2020-08-16,62,35,70,8
2020-08-17,81,41,84,8
2020-08-18,70,42,85,8
2020-08-19,67,35,72,7
2020-08-20,74,39,69,7
2020-08-21,65,44,65,7
2020-08-22,66,33,61,6
2020-08-23,63,33,61,6
2020-08-24,78,38,63,6
2020-08-25,68,33,64,6
2020-08-26,65,37,61,6
2020-08-27,60,37,62,6
2020-08-28,57,34,58,5
2020-08-29,54,31,53,5
2020-08-30,60,31,56,6
2020-08-31,46,28,61,6
2020-09-01,76,61,79,8
2020-09-02,81,52,81,8
2020-09-03,92,49,96,8
2020-09-04,100,55,100,8
2020-09-05,87,46,90,7
2020-09-06,75,49,81,7
2020-09-07,82,48,84,6
2020-09-08,74,42,82,6
2020-09-09,80,46,77,6
2020-09-10,65,50,73,7
2020-09-11,86,40,67,6
2020-09-12,75,47,63,6
2020-09-13,79,42,67,5
2020-09-14,82,37,74,6
2020-09-15,73,52,77,6
2020-09-16,65,37,75,8
2020-09-17,76,44,68,8
2020-09-18,70,40,66,8
2020-09-19,72,46,62,6
2020-09-20,65,38,63,5
2020-09-21,72,30,70,6
2020-09-22,63,35,68,6
2020-09-23,62,35,63,6
2020-09-24,79,41,64,6
2020-09-25,59,30,62,6
2020-09-26,70,29,59,5
2020-09-27,60,29,55,5
2020-09-28,61,44,61,6
2020-09-29,73,49,65,6
2020-09-30,73,33,58,6
2020-10-01,48,28,50,5
2020-10-02,62,28,50,5
2020-10-03,55,26,45,4
2020-10-04,57,22,42,4
2020-10-05,54,27,50,5
2020-10-06,59,28,49,4
2020-10-07,53,24,46,4
2020-10-08,57,34,49,4
2020-10-09,56,48,51,5
2020-10-10,59,42,55,5
2020-10-11,57,26,51,4
2020-10-12,51,36,58,5
2020-10-13,56,33,53,4
2020-10-14,44,34,55,4
2020-10-15,62,29,54,5
2020-10-16,63,30,54,5
2020-10-17,54,23,49,4
2020-10-18,57,22,48,4
2020-10-19,70,35,57,4
2020-10-20,55,32,66,5
2020-10-21,88,39,96,6
2020-10-22,100,40,100,6
2020-10-23,77,31,82,5
2020-10-24,78,28,69,5
2020-10-25,75,36,70,5
2020-10-26,69,29,76,5
2020-10-27,80,40,88,6
2020-10-28,91,33,93,6
2020-10-29,67,32,78,5
2020-10-30,74,37,77,5
2020-10-31,67,26,80,6
2020-11-01,31,13,40,3
2020-11-02,38,16,42,3
2020-11-03,32,15,39,3
2020-11-04,32,14,37,2
2020-11-05,46,17,62,4
2020-11-06,55,25,65,4
2020-11-07,42,16,52,3
2020-11-08,42,17,48,3
2020-11-09,46,16,52,3
2020-11-10,39,19,44,3
2020-11-11,39,20,49,4
2020-11-12,43,19,54,4
2020-11-13,47,15,58,4
2020-11-14,41,10,50,3
2020-11-15,42,14,44,3
2020-11-16,48,18,53,5
2020-11-17,57,23,76,5
2020-11-18,100,28,91,6
2020-11-19,73,25,69,5
2020-11-20,70,27,76,5
2020-11-21,72,36,76,6
2020-11-22,72,38,67,6
2020-11-23,75,42,69,7
2020-11-24,87,65,94,11
2020-11-25,76,48,86,7
2020-11-26,84,52,100,8
2020-11-27,73,39,71,5
2020-11-28,57,32,60,5
2020-11-29,62,31,57,5
2020-11-30,65,39,81,6
2020-12-01,85,42,53,4
2020-12-02,63,42,41,3
2020-12-03,62,40,39,3
2020-12-04,47,30,40,3
2020-12-05,51,28,35,3
2020-12-06,55,30,33,3
2020-12-07,53,27,35,3
2020-12-08,52,25,34,3
2020-12-09,52,31,36,3
2020-12-10,44,24,33,3
2020-12-11,42,24,34,3
2020-12-12,46,27,29,3
2020-12-13,48,21,32,3
2020-12-14,39,22,31,2
2020-12-15,49,24,31,3
2020-12-16,57,29,61,4
2020-12-17,100,44,100,7
2020-12-18,80,44,69,6
2020-12-19,77,42,58,5
2020-12-20,80,39,58,5
2020-12-21,71,40,61,4
2020-12-22,72,36,50,4
2020-12-23,68,41,50,4
2020-12-24,58,38,46,4
2021-01-01,29,18,38,3
2021-01-02,41,19,68,4
2021-01-03,72,29,79,5
2021-01-04,66,35,69,5
2021-01-05,46,28,56,4
2021-01-06,49,29,60,6
2021-01-07,67,41,91,10
2021-01-08,70,41,87,6
2021-01-09,61,38,72,5
2021-01-10,67,37,71,5
2021-01-11,100,42,100,5
2021-01-12,64,32,77,4
2021-01-13,52,27,66,3
2021-01-14,56,29,70,4
2021-01-15,47,27,61,3
2021-01-16,44,27,50,3
2021-01-17,39,25,45,3
2021-01-18,36,24,43,3
2021-01-19,36,23,43,3
2021-01-20,36,24,40,3
2021-01-21,45,26,50,3
2021-01-22,57,29,54,3
2021-01-23,41,21,39,3
2021-01-24,38,22,35,3
2021-01-25,36,25,38,3
2021-01-26,31,18,36,2
2021-01-27,32,20,39,2
2021-01-28,32,22,39,4
2021-01-29,45,25,62,11
2021-01-30,40,26,43,6
2021-01-31,35,29,37,5
2021-02-01,28,30,38,5
2021-02-02,22,23,35,4
2021-02-03,23,22,36,4
2021-02-04,25,22,38,5
2021-02-05,19,20,36,5
2021-02-06,25,20,43,5
2021-02-07,23,21,39,5
2021-02-08,43,24,83,6
2021-02-09,66,32,100,7
2021-02-10,41,29,64,6
2021-02-11,40,29,61,6
2021-02-12,49,30,58,6
2021-02-13,37,32,48,6
2021-02-14,43,31,55,5
2021-02-15,41,27,55,5
2021-02-16,39,27,62,4
2021-02-17,56,47,69,5
2021-02-18,59,64,62,5
2021-02-19,61,60,68,6
2021-02-20,80,72,77,6
2021-02-21,71,60,67,6
2021-02-22,87,68,80,5
2021-02-23,100,58,98,5
2021-02-24,69,56,72,4
2021-02-25,52,48,59,5
2021-02-26,52,50,60,5
2021-02-27,46,44,50,4
2021-02-28,49,35,52,4
2021-03-01,59,51,85,6
2021-03-02,54,49,79,6
2021-03-03,50,55,77,5
2021-03-04,53,52,69,5
2021-03-05,44,43,69,4
2021-03-06,36,41,63,5
2021-03-07,41,39,65,5
2021-03-08,42,41,64,5
2021-03-09,51,51,81,6
2021-03-10,52,56,79,6
2021-03-11,50,59,71,5
2021-03-12,53,68,73,5
2021-03-13,66,80,100,7
2021-03-14,64,66,91,7
2021-03-15,72,77,79,6
2021-03-16,65,74,76,8
2021-03-17,70,85,69,9
2021-03-18,57,83,72,11
2021-03-19,56,81,63,7
2021-03-20,63,85,63,6
2021-03-21,57,74,61,6
2021-03-22,67,87,62,5
2021-03-23,65,84,65,5
2021-03-24,65,86,73,6
2021-03-25,63,73,77,5
2021-03-26,50,69,64,4
2021-03-27,47,60,60,5
2021-03-28,44,64,57,5
2021-03-29,51,76,65,5
2021-03-30,57,87,68,5
2021-03-31,65,100,65,5
2021-04-01,43,62,57,4
2021-04-02,48,75,53,6
2021-04-03,43,68,47,5
2021-04-04,42,58,45,4
2021-04-05,56,75,49,6
2021-04-06,53,82,47,6
2021-04-07,81,91,47,7
2021-04-08,54,72,45,6
2021-04-09,44,73,41,6
2021-04-10,45,66,48,7
2021-04-11,40,64,50,7
2021-04-12,39,66,46,10
2021-04-13,46,70,63,21
2021-04-14,46,76,69,73
2021-04-15,40,67,58,33
2021-04-16,54,97,62,25
2021-04-17,50,88,50,16
2021-04-18,76,100,95,14
2021-04-19,58,88,74,14
2021-04-20,66,91,68,12
2021-04-21,48,78,56,10
2021-04-22,69,80,65,10
2021-04-23,95,94,100,9
2021-04-24,64,68,69,7
2021-04-25,56,64,62,6
2021-04-26,51,69,65,7
2021-04-27,46,67,60,7
2021-04-28,47,65,55,7
2021-04-29,37,53,52,7
2021-04-30,34,59,52,7
2021-05-01,32,54,25,4
2021-05-02,35,55,24,3
2021-05-03,35,63,27,5
2021-05-04,42,76,28,6
2021-05-05,45,90,28,7
2021-05-06,43,80,26,7
2021-05-07,39,91,22,6
2021-05-08,35,73,26,6
2021-05-09,40,78,26,7
2021-05-10,34,75,27,7
2021-05-11,35,83,26,7
2021-05-12,42,77,27,6
2021-05-13,61,78,67,7
2021-05-14,41,74,42,7
2021-05-15,38,57,34,5
2021-05-16,39,53,36,5
2021-05-17,67,73,50,5
2021-05-18,37,58,39,5
2021-05-19,100,92,100,8
2021-05-20,72,74,77,5
2021-05-21,63,76,56,4
2021-05-22,63,67,51,3
2021-05-23,76,65,58,3
2021-05-24,71,69,54,4
2021-05-25,53,62,44,4
2021-05-26,42,54,38,4
2021-05-27,38,51,35,3
2021-05-28,44,48,36,3
2021-05-29,45,39,35,2
2021-05-30,40,40,32,2
2021-05-31,39,38,30,2
2021-06-01,62,74,72,8
2021-06-02,65,81,71,12
2021-06-03,61,75,71,12
2021-06-04,59,70,78,8
2021-06-05,53,53,69,5
2021-06-06,58,58,73,5
2021-06-07,59,65,69,5
2021-06-08,85,74,100,6
2021-06-09,82,69,88,5
2021-06-10,63,63,78,5
2021-06-11,62,83,66,5
2021-06-12,58,70,59,4
2021-06-13,60,54,59,4
2021-06-14,63,69,73,5
2021-06-15,49,61,63,7
2021-06-16,50,57,56,8
2021-06-17,44,54,52,7
2021-06-18,51,56,53,5
2021-06-19,49,45,49,4
2021-06-20,59,55,56,4
2021-06-21,78,65,78,5
2021-06-22,100,75,99,6
2021-06-23,71,67,73,5
2021-06-24,56,51,62,5
2021-06-25,48,53,63,5
2021-06-26,56,46,56,4
2021-06-27,47,44,53,4
2021-06-28,57,63,59,5
2021-06-29,48,60,58,6
2021-06-30,45,60,50,6
2021-07-01,63,82,60,5
2021-07-02,55,71,59,5
2021-07-03,59,68,53,4
2021-07-04,61,58,61,5
2021-07-05,63,70,59,5
2021-07-06,54,66,52,5
2021-07-07,52,66,52,5
2021-07-08,55,68,58,5
2021-07-09,53,60,54,5
2021-07-10,46,51,47,4
2021-07-11,49,48,46,4
2021-07-12,50,54,52,5
2021-07-13,51,55,51,5
2021-07-14,51,53,53,5
2021-07-15,49,56,54,5
2021-07-16,52,56,54,5
2021-07-17,47,48,50,4
2021-07-18,50,46,49,4
2021-07-19,51,49,59,4
2021-07-20,68,57,76,5
2021-07-21,62,56,71,5
2021-07-22,50,51,62,5
2021-07-23,44,47,54,4
2021-07-24,49,52,55,4
2021-07-25,48,54,54,4
2021-07-26,100,90,100,6
2021-07-27,66,66,75,5
2021-07-28,62,58,72,5
2021-07-29,53,60,60,4
2021-07-30,53,62,58,5
2021-07-31,49,59,61,5
2021-08-01,52,61,77,6
2021-08-02,52,61,77,6
2021-08-03,46,59,72,7
2021-08-04,55,62,72,6
2021-08-05,52,57,74,8
2021-08-06,53,58,80,7
2021-08-07,73,73,87,7
2021-08-08,65,68,88,7
2021-08-09,60,70,96,9
2021-08-10,57,69,94,10
2021-08-11,64,83,97,13
2021-08-12,66,94,91,10
2021-08-13,66,77,83,9
2021-08-14,67,81,84,8
2021-08-15,67,74,81,8
2021-08-16,67,82,80,9
2021-08-17,61,77,77,9
2021-08-18,57,79,79,9
2021-08-19,58,76,78,8
2021-08-20,66,73,83,11
2021-08-21,60,67,79,8
2021-08-22,54,63,79,8
2021-08-23,70,84,100,12
2021-08-24,73,100,83,12
2021-08-25,67,77,81,9
2021-08-26,56,72,76,8
2021-08-27,59,73,73,9
2021-08-28,55,64,68,9
2021-08-29,62,71,63,7
2021-08-30,54,70,70,8
2021-08-31,54,76,67,9
2021-09-01,44,69,53,7
2021-09-02,49,69,56,8
2021-09-03,52,71,57,8
2021-09-04,60,80,50,6
2021-09-05,56,87,53,7
2021-09-06,58,88,58,7
2021-09-07,87,100,100,10
2021-09-08,85,89,91,10
2021-09-09,56,73,66,11
2021-09-10,57,68,59,8
2021-09-11,47,59,52,6
2021-09-12,49,59,52,6
2021-09-13,55,69,55,6
2021-09-14,45,63,50,6
2021-09-15,44,63,53,6
2021-09-16,49,68,51,8
2021-09-17,47,67,49,8
2021-09-18,41,52,46,6
2021-09-19,42,52,42,6
2021-09-20,81,64,67,6
2021-09-21,72,62,68,7
2021-09-22,61,65,60,6
2021-09-23,50,66,54,6
2021-09-24,64,67,81,6
2021-09-25,64,51,59,5
2021-09-26,55,52,54,4
2021-09-27,53,55,50,5
2021-09-28,57,57,51,5
2021-09-29,50,49,49,5
2021-09-30,54,58,49,5
2021-10-01,61,64,53,5
2021-10-02,54,62,46,5
2021-10-03,48,53,43,5
2021-10-04,54,63,48,6
2021-10-05,61,88,55,8
2021-10-06,75,90,69,10
2021-10-07,61,74,64,12
2021-10-08,56,78,53,8
2021-10-09,59,71,50,6
2021-10-10,57,67,49,6
2021-10-11,68,72,59,8
2021-10-12,70,71,59,7
2021-10-13,56,67,52,7
2021-10-14,49,62,55,9
2021-10-15,86,100,78,9
2021-10-16,63,68,70,7
2021-10-17,56,55,59,6
2021-10-18,63,63,65,8
2021-10-19,64,63,80,9
2021-10-20,82,70,100,11
2021-10-21,84,76,86,10
2021-10-22,71,67,76,9
2021-10-23,55,52,59,7
2021-10-24,59,52,56,10
2021-10-25,58,62,62,11
2021-10-26,59,59,66,13
2021-10-27,72,84,67,26
2021-10-28,60,68,64,23
2021-10-29,52,67,60,18
2021-10-30,54,66,51,14
2021-10-31,59,72,48,13
2021-11-01,60,69,72,18
2021-11-02,57,77,78,20
2021-11-03,56,76,67,20
2021-11-04,49,73,70,19
2021-11-05,46,67,69,17
2021-11-06,45,55,59,15
2021-11-07,43,57,61,14
2021-11-08,57,68,89,17
2021-11-09,66,76,100,20
2021-11-10,58,66,93,18
2021-11-11,49,66,80,16
2021-11-12,54,69,78,15
2021-11-13,48,58,67,14
2021-11-14,54,58,71,13
2021-11-15,55,71,73,14
2021-11-16,78,77,96,14
2021-11-17,67,89,85,14
2021-11-18,75,97,86,14
2021-11-19,64,77,88,14
2021-11-20,52,66,69,14
2021-11-21,50,63,67,13
2021-11-22,58,71,76,14
2021-11-23,59,83,83,13
2021-11-24,61,93,81,17
2021-11-25,62,100,69,13
2021-11-26,71,91,88,12
2021-11-27,61,70,74,11
2021-11-28,59,67,71,9
2021-11-29,56,73,74,13
2021-11-30,57,77,76,14
2021-12-01,32,49,46,9
2021-12-02,32,43,43,8
2021-12-03,36,44,45,8
2021-12-04,100,68,100,9
2021-12-05,56,47,72,7
2021-12-06,59,57,69,7
2021-12-07,45,53,59,8
2021-12-08,38,46,53,7
2021-12-09,40,42,53,8
2021-12-10,39,38,52,7
2021-12-11,33,34,47,6
2021-12-12,34,32,44,6
2021-12-13,41,38,54,6
2021-12-14,39,41,60,8
2021-12-15,41,43,55,9
2021-12-16,33,42,52,8
2021-12-17,34,35,47,6
2021-12-18,27,31,44,6
2021-12-19,29,30,42,5
2021-12-20,35,33,47,6
2021-12-21,33,36,47,6
2021-12-22,29,36,43,7
2021-12-23,31,36,45,6
2021-12-24,27,37,48,7
2022-01-01,29,32,37,5
2022-01-02,31,42,35,6
2022-01-03,35,44,38,7
2022-01-04,37,46,76,13
2022-01-05,38,39,34,6
2022-01-06,48,42,49,6
2022-01-07,53,43,64,7
2022-01-08,41,36,54,6
2022-01-09,40,35,48,6
2022-01-10,46,41,53,6
2022-01-11,40,44,49,7
2022-01-12,34,42,44,7
2022-01-13,40,47,88,13
2022-01-14,35,41,33,5
2022-01-15,28,31,35,5
2022-01-16,30,32,63,10
2022-01-17,28,32,32,5
2022-01-18,35,36,35,5
2022-01-19,32,38,34,5
2022-01-20,35,39,36,6
2022-01-21,58,41,71,7
2022-01-22,100,53,95,7
2022-01-23,64,44,67,6
2022-01-24,84,46,100,9
2022-01-25,67,42,58,6
2022-01-26,54,45,57,6
2022-01-27,47,42,50,6
2022-01-28,45,37,51,6
2022-01-29,40,34,45,6
2022-01-30,36,30,43,5
2022-01-31,43,28,47,6
2022-02-01,69,50,61,8
2022-02-02,64,58,58,8
2022-02-03,64,62,56,7
2022-02-04,56,59,62,8
2022-02-05,65,74,63,7
2022-02-06,61,69,53,7
2022-02-07,66,75,65,9
2022-02-08,64,78,61,9
2022-02-09,53,62,60,8
2022-02-10,56,63,47,7
2022-02-11,55,60,54,6
2022-02-12,59,58,47,5
2022-02-13,49,53,45,5
2022-02-14,49,48,49,14
2022-02-15,50,49,52,9
2022-02-16,50,53,46,8
2022-02-17,46,48,49,7
2022-02-18,51,50,54,7
2022-02-19,49,47,44,6
2022-02-20,64,50,52,6
2022-02-21,61,51,56,6
2022-02-22,61,53,60,7
2022-02-23,53,57,49,6
2022-02-24,100,73,100,7
2022-02-25,60,63,70,6
2022-02-26,48,55,51,5
2022-02-27,58,50,52,5
2022-02-28,62,57,62,6
2022-03-01,97,84,100,10
2022-03-02,76,77,92,9
2022-03-03,67,69,81,8
2022-03-04,59,60,79,8
2022-03-05,59,54,71,6
2022-03-06,58,55,64,6
2022-03-07,62,61,82,10
2022-03-08,61,59,72,8
2022-03-09,71,61,83,9
2022-03-10,60,59,74,8
2022-03-11,57,58,71,7
2022-03-12,51,56,59,7
2022-03-13,54,52,60,6
2022-03-14,59,56,67,8
2022-03-15,56,57,64,7
2022-03-16,57,58,67,8
2022-03-17,57,61,63,8
2022-03-18,56,59,64,9
2022-03-19,53,60,56,8
2022-03-20,51,58,54,7
2022-03-21,51,62,59,8
2022-03-22,60,68,65,9
2022-03-23,56,68,61,9
2022-03-24,60,81,65,10
2022-03-25,60,76,67,9
2022-03-26,54,65,58,8
2022-03-27,64,84,60,8
2022-03-28,65,98,77,11
2022-03-29,62,93,70,10
2022-03-30,63,92,66,9
2022-03-31,64,100,63,9
2022-04-01,65,100,90,13
2022-04-02,63,92,85,10
2022-04-03,58,84,79,10
2022-04-04,60,93,85,12
2022-04-05,55,84,81,13
2022-04-06,68,81,90,13
2022-04-07,55,75,87,11
2022-04-08,59,73,84,10
2022-04-09,49,54,76,9
2022-04-10,52,54,73,9
2022-04-11,67,74,100,11
2022-04-12,65,76,91,11
2022-04-13,55,70,86,12
2022-04-14,55,69,79,11
2022-04-15,51,61,78,10
2022-04-16,46,55,68,9
2022-04-17,49,57,68,9
2022-04-18,59,66,80,12
2022-04-19,52,62,78,11
2022-04-20,52,62,73,12
2022-04-21,53,71,74,12
2022-04-22,51,57,76,9
2022-04-23,48,58,68,8
2022-04-24,50,54,67,7
2022-04-25,59,67,83,10
2022-04-26,52,62,79,10
2022-04-27,51,62,77,11
2022-04-28,53,61,78,11
2022-04-29,49,55,70,10
2022-04-30,50,50,70,9
2022-05-01,27,25,27,3
2022-05-02,25,27,29,3
2022-05-03,23,26,28,3
2022-05-04,24,27,27,3
2022-05-05,36,28,34,4
2022-05-06,31,30,36,4
2022-05-07,27,19,29,3
2022-05-08,38,25,34,3
2022-05-09,50,31,60,5
2022-05-10,46,34,59,6
2022-05-11,68,51,68,12
2022-05-12,100,77,100,13
2022-05-13,92,85,79,9
2022-05-14,60,52,56,6
2022-05-15,48,43,49,5
2022-05-16,45,42,50,5
2022-05-17,42,37,47,4
2022-05-18,40,39,45,4
2022-05-19,37,39,45,4
2022-05-20,33,32,40,3
2022-05-21,32,26,36,3
2022-05-22,26,27,34,3
2022-05-23,31,33,38,3
2022-05-24,31,31,38,3
2022-05-25,30,30,34,3
2022-05-26,32,32,36,3
2022-05-27,32,29,37,3
2022-05-28,26,23,31,3
2022-05-29,28,27,29,2
2022-05-30,29,31,36,3
2022-05-31,29,34,35,3
2022-06-01,39,41,31,3
2022-06-02,32,37,30,3
2022-06-03,31,35,31,3
2022-06-04,30,29,26,3
2022-06-05,27,29,26,2
2022-06-06,30,35,31,3
2022-06-07,32,34,34,3
2022-06-08,29,37,29,3
2022-06-09,28,31,29,3
2022-06-10,31,33,28,3
2022-06-11,36,35,28,2
2022-06-12,49,36,36,2
2022-06-13,96,56,97,5
2022-06-14,83,49,93,7
2022-06-15,76,47,90,6
2022-06-16,56,42,76,4
2022-06-17,60,37,64,3
2022-06-18,87,46,100,4
2022-06-19,100,51,94,3
2022-06-20,67,40,72,3
2022-06-21,52,39,62,3
2022-06-22,46,37,56,3
2022-06-23,44,39,51,3
2022-06-24,41,40,47,3
2022-06-25,37,34,38,3
2022-06-26,38,33,39,2
2022-06-27,40,37,44,3
2022-06-28,39,37,40,3
2022-06-29,41,36,40,3
2022-06-30,50,35,50,3
2022-07-01,97,80,100,5
2022-07-02,85,70,84,5
2022-07-03,93,67,83,4
2022-07-04,100,75,88,5
2022-07-05,86,76,90,5
2022-07-06,83,64,82,5
2022-07-07,83,74,83,6
2022-07-08,84,76,82,5
2022-07-09,67,67,65,4
2022-07-10,78,55,65,4
2022-07-11,84,69,77,5
2022-07-12,86,62,77,5
2022-07-13,86,63,75,5
2022-07-14,73,63,75,5
2022-07-15,73,71,69,5
2022-07-16,64,64,64,5
2022-07-17,79,64,62,5
2022-07-18,87,87,79,7
2022-07-19,86,91,79,6
2022-07-20,94,94,83,6
2022-07-21,90,82,90,6
2022-07-22,72,75,75,6
2022-07-23,71,64,61,5
2022-07-24,66,60,58,4
2022-07-25,80,77,66,5
2022-07-26,70,66,68,6
2022-07-27,68,74,65,7
2022-07-28,76,87,70,6
2022-07-29,76,89,66,6
2022-07-30,74,78,59,5
2022-07-31,67,80,56,4
2022-08-01,72,97,96,8
2022-08-02,74,76,94,8
2022-08-03,68,75,96,9
2022-08-04,67,80,92,14
2022-08-05,64,80,84,12
2022-08-06,56,65,76,8
2022-08-07,59,57,73,7
2022-08-08,68,81,90,10
2022-08-09,67,77,90,11
2022-08-10,65,76,86,12
2022-08-11,69,82,90,10
2022-08-12,63,74,86,9
2022-08-13,59,75,79,7
2022-08-14,57,63,83,7
2022-08-15,73,73,87,9
2022-08-16,62,77,82,9
2022-08-17,60,79,85,8
2022-08-18,56,73,76,8
2022-08-19,100,83,100,9
2022-08-20,79,66,85,6
2022-08-21,68,79,75,6
2022-08-22,74,64,87,8
2022-08-23,69,70,81,8
2022-08-24,65,63,77,7
2022-08-25,61,72,78,7
2022-08-26,70,67,84,7
2022-08-27,64,66,84,6
2022-08-28,65,64,80,6
2022-08-29,78,69,98,8
2022-08-30,68,70,89,8
2022-08-31,59,66,82,7
2022-09-01,68,63,86,7
2022-09-02,63,64,80,7
2022-09-03,55,59,70,6
2022-09-04,60,56,71,5
2022-09-05,56,64,77,7
2022-09-06,79,76,83,8
2022-09-07,85,75,95,8
2022-09-08,72,64,83,7
2022-09-09,87,92,96,9
2022-09-10,77,81,78,7
2022-09-11,73,71,71,6
2022-09-12,93,87,86,8
2022-09-13,98,90,90,7
2022-09-14,84,79,89,7
2022-09-15,84,92,89,8
2022-09-16,74,78,85,7
2022-09-17,61,74,73,6
2022-09-18,90,64,70,5
2022-09-19,98,82,100,8
2022-09-20,75,78,93,6
2022-09-21,84,80,93,7
2022-09-22,78,87,89,7
2022-09-23,84,100,88,7
2022-09-24,62,82,76,6
2022-09-25,78,76,71,5
2022-09-26,83,85,86,7
2022-09-27,81,79,93,6
2022-09-28,85,73,84,7
2022-09-29,73,75,80,7
2022-09-30,73,76,78,7
2022-10-01,62,63,84,7
2022-10-02,65,71,84,7
2022-10-03,76,64,98,8
2022-10-04,84,74,93,8
2022-10-05,69,65,94,8
2022-10-06,61,73,91,9
2022-10-07,74,75,91,8
2022-10-08,57,68,80,6
2022-10-09,62,65,78,6
2022-10-10,71,70,91,8
2022-10-11,74,73,91,10
2022-10-12,66,64,86,9
2022-10-13,96,86,100,10
2022-10-14,75,71,92,9
2022-10-15,65,100,75,7
2022-10-16,61,66,73,6
2022-10-17,72,70,86,8
2022-10-18,72,68,88,8
2022-10-19,66,80,85,8
2022-10-20,51,62,83,8
2022-10-21,60,68,88,8
2022-10-22,61,60,72,6
2022-10-23,64,56,71,6
2022-10-24,64,61,84,8
2022-10-25,67,74,88,8
2022-10-26,76,82,96,9
2022-10-27,72,82,92,8
2022-10-28,62,70,84,9
2022-10-29,69,92,84,8
2022-10-30,63,77,81,7
2022-10-31,63,88,88,9
2022-11-01,33,39,33,4
2022-11-02,36,52,36,4
2022-11-03,34,42,36,4
2022-11-04,35,47,36,5
2022-11-05,31,44,34,3
2022-11-06,31,39,31,3
2022-11-07,35,39,38,3
2022-11-08,65,52,53,5
2022-11-09,88,66,94,6
2022-11-10,100,76,100,6
2022-11-11,71,64,82,6
2022-11-12,78,53,75,5
2022-11-13,71,56,68,5
2022-11-14,89,67,80,5
2022-11-15,56,48,64,5
2022-11-16,51,49,62,5
2022-11-17,47,43,58,5
2022-11-18,41,39,55,4
2022-11-19,38,37,47,3
2022-11-20,46,45,45,3
2022-11-21,48,47,60,4
2022-11-22,43,40,56,5
2022-11-23,36,40,47,4
2022-11-24,39,39,44,3
2022-11-25,42,55,42,3
2022-11-26,36,41,37,2
2022-11-27,38,37,37,3
2022-11-28,38,40,44,4
2022-11-29,37,37,44,4
2022-11-30,38,37,41,4
2022-12-01,80,74,96,8
2022-12-02,67,85,87,7
2022-12-03,60,57,78,6
2022-12-04,75,68,81,5
2022-12-05,72,71,88,7
2022-12-06,74,74,85,7
2022-12-07,88,100,86,7
2022-12-08,87,93,91,7
2022-12-09,74,73,83,7
2022-12-10,63,57,68,5
2022-12-11,57,52,78,5
2022-12-12,77,70,85,7
2022-12-13,81,75,100,9
2022-12-14,66,68,96,8
2022-12-15,72,58,90,8
2022-12-16,83,67,95,9
2022-12-17,83,64,86,6
2022-12-18,70,64,75,5
2022-12-19,82,62,86,7
2022-12-20,79,74,85,8
2022-12-21,71,62,87,7
2022-12-22,81,56,86,7
2022-12-23,77,56,82,7
2022-12-24,55,53,74,5
2023-01-01,46,33,60,4
2023-01-02,51,43,64,5
2023-01-03,46,45,66,5
2023-01-04,48,45,64,6
2023-01-05,44,45,61,6
2023-01-06,49,41,63,6
2023-01-07,41,40,55,5
2023-01-08,34,32,54,4
2023-01-09,50,52,64,7
2023-01-10,45,44,62,8
2023-01-11,40,41,64,8
2023-01-12,57,53,77,7
2023-01-13,58,49,80,8
2023-01-14,100,85,100,7
2023-01-15,77,72,82,5
2023-01-16,66,63,91,6
2023-01-17,58,64,87,7
2023-01-18,62,64,80,7
2023-01-19,51,55,76,6
2023-01-20,59,53,80,7
2023-01-21,63,61,96,6
2023-01-22,64,54,83,5
2023-01-23,62,53,84,8
2023-01-24,63,72,80,7
2023-01-25,60,66,77,7
2023-01-26,64,66,78,8
2023-01-27,58,68,71,7
2023-01-28,50,54,67,6
2023-01-29,62,60,74,5
2023-01-30,63,64,77,6
2023-01-31,58,63,74,6
2023-02-01,71,68,83,7
2023-02-02,75,88,96,10
2023-02-03,69,81,82,9
2023-02-04,64,84,74,8
2023-02-05,74,86,75,7
2023-02-06,74,81,77,7
2023-02-07,69,76,74,8
2023-02-08,62,79,75,8
2023-02-09,72,78,81,8
2023-02-10,67,72,77,7
2023-02-11,60,70,68,6
2023-02-12,65,68,65,6
2023-02-13,57,72,74,7
2023-02-14,63,71,74,7
2023-02-15,72,79,81,8
2023-02-16,100,96,100,9
2023-02-17,70,83,85,7
2023-02-18,71,75,76,6
2023-02-19,73,77,75,6
2023-02-20,67,91,82,7
2023-02-21,75,84,79,9
2023-02-22,71,86,79,8
2023-02-23,68,71,74,9
2023-02-24,67,80,75,7
2023-02-25,62,61,68,6
2023-02-26,54,64,66,5
2023-02-27,58,73,74,7
2023-02-28,60,66,70,7
2023-03-01,60,73,50,5
2023-03-02,62,77,54,5
2023-03-03,90,74,60,6
2023-03-04,71,58,53,4
2023-03-05,51,53,49,4
2023-03-06,56,58,51,5
2023-03-07,60,69,50,5
2023-03-08,53,58,53,5
2023-03-09,62,63,61,5
2023-03-10,80,63,77,6
2023-03-11,70,62,65,6
2023-03-12,75,57,61,5
2023-03-13,90,84,97,7
2023-03-14,100,91,98,7
2023-03-15,79,76,82,6
2023-03-16,76,75,71,6
2023-03-17,90,82,83,6
2023-03-18,97,88,82,5
2023-03-19,91,87,85,5
2023-03-20,92,90,100,6
2023-03-21,88,91,87,7
2023-03-22,82,80,85,7
2023-03-23,82,74,83,9
2023-03-24,77,82,81,7
2023-03-25,64,68,67,5
2023-03-26,68,64,66,5
2023-03-27,77,74,76,6
2023-03-28,70,65,73,6
2023-03-29,80,87,74,6
2023-03-30,70,91,73,6
2023-03-31,67,95,69,5
2023-04-01,67,83,66,4
2023-04-02,74,85,66,5
2023-04-03,77,93,73,7
2023-04-04,74,86,71,7
2023-04-05,75,95,70,6
2023-04-06,66,92,70,6
2023-04-07,65,72,66,5
2023-04-08,49,70,59,5
2023-04-09,64,67,57,4
2023-04-10,75,77,69,6
2023-04-11,100,93,100,7
2023-04-12,87,92,87,7
2023-04-13,73,81,78,6
2023-04-14,83,90,83,7
2023-04-15,58,67,71,5
2023-04-16,67,72,66,5
2023-04-17,64,82,76,6
2023-04-18,69,75,78,6
2023-04-19,84,82,72,6
2023-04-20,76,86,77,5
2023-04-21,80,75,73,5
2023-04-22,60,62,66,4
2023-04-23,63,74,72,4
2023-04-24,70,73,71,5
2023-04-25,73,70,68,5
2023-04-26,86,78,78,6
2023-04-27,68,79,69,5
2023-04-28,65,71,66,5
2023-04-29,72,60,63,4
2023-04-30,57,48,59,4
2023-05-01,83,71,95,8
2023-05-02,79,75,91,8
2023-05-03,80,79,93,8
2023-05-04,84,76,91,9
2023-05-05,82,69,89,9
2023-05-06,94,79,83,6
2023-05-07,80,64,82,6
2023-05-08,99,76,100,8
2023-05-09,100,77,91,7
2023-05-10,100,82,95,8
2023-05-11,88,73,89,8
2023-05-12,91,78,92,7
2023-05-13,77,61,73,6
2023-05-14,71,59,74,5
2023-05-15,70,65,80,7
2023-05-16,72,70,79,7
2023-05-17,67,59,77,7
2023-05-18,62,52,82,7
2023-05-19,60,53,76,6
2023-05-20,46,47,71,5
2023-05-21,56,48,74,5
2023-05-22,55,52,83,6
2023-05-23,52,57,81,7
2023-05-24,59,56,78,6
2023-05-25,53,53,83,6
2023-05-26,55,49,79,6
2023-05-27,46,40,70,5
2023-05-28,54,48,74,5
2023-05-29,50,60,82,5
2023-05-30,66,54,81,7
2023-05-31,59,58,80,6
2023-06-01,45,43,66,5
2023-06-02,49,40,64,5
2023-06-03,43,38,59,4
2023-06-04,41,37,58,4
2023-06-05,62,47,75,6
2023-06-06,70,54,79,15
2023-06-07,59,49,72,10
2023-06-08,48,47,68,8
2023-06-09,40,45,62,7
2023-06-10,100,70,73,6
2023-06-11,64,50,71,5
2023-06-12,50,50,68,7
2023-06-13,54,56,64,6
2023-06-14,58,48,68,6
2023-06-15,64,54,73,6
2023-06-16,57,52,69,6
2023-06-17,51,44,61,4
2023-06-18,43,40,61,4
2023-06-19,46,42,65,5
2023-06-20,63,40,70,6
2023-06-21,78,63,100,6
2023-06-22,82,70,90,6
2023-06-23,78,64,88,6
2023-06-24,84,69,79,5
2023-06-25,67,58,72,5
2023-06-26,66,66,79,7
2023-06-27,61,53,74,7
2023-06-28,57,54,76,6
2023-06-29,57,48,77,7
2023-06-30,81,68,80,6
2023-07-01,61,69,77,5
2023-07-02,57,66,83,5
2023-07-03,64,62,87,8
2023-07-04,60,62,90,7
2023-07-05,57,54,84,7
2023-07-06,64,57,89,7
2023-07-07,56,55,79,7
2023-07-08,50,43,75,5
2023-07-09,45,50,77,5
2023-07-10,48,52,82,7
2023-07-11,55,60,84,9
2023-07-12,55,55,81,8
2023-07-13,81,78,88,13
2023-07-14,79,100,100,14
2023-07-15,60,77,81,8
2023-07-16,60,73,79,7
2023-07-17,54,70,82,9
2023-07-18,61,64,81,9
2023-07-19,62,66,85,9
2023-07-20,57,74,83,8
2023-07-21,46,54,79,8
2023-07-22,41,58,70,6
2023-07-23,55,69,74,5
2023-07-24,66,71,82,7
2023-07-25,56,63,81,7
2023-07-26,61,64,80,8
2023-07-27,52,59,77,7
2023-07-28,44,58,75,7
2023-07-29,39,60,73,5
2023-07-30,53,60,70,5
2023-07-31,49,55,77,9
2023-08-01,59,61,60,6
2023-08-02,60,60,65,6
2023-08-03,46,53,61,6
2023-08-04,50,64,63,6
2023-08-05,54,53,58,4
2023-08-06,53,51,58,4
2023-08-07,63,66,58,5
2023-08-08,58,62,62,6
2023-08-09,51,56,63,5
2023-08-10,48,56,62,6
2023-08-11,59,56,60,5
2023-08-12,52,53,56,4
2023-08-13,48,50,55,4
2023-08-14,50,51,59,5
2023-08-15,64,53,59,5
2023-08-16,67,71,59,5
2023-08-17,81,64,73,6
2023-08-18,100,70,100,6
2023-08-19,69,60,73,4
2023-08-20,57,52,63,4
2023-08-21,60,54,68,5
2023-08-22,68,47,68,5
2023-08-23,56,55,67,5
2023-08-24,53,54,63,5
2023-08-25,54,50,62,5
2023-08-26,44,37,58,4
2023-08-27,48,38,57,4
2023-08-28,55,41,59,5
2023-08-29,74,56,74,6
2023-08-30,60,51,68,5
2023-08-31,61,50,63,5
2023-09-01,95,81,100,7
2023-09-02,88,78,83,5
2023-09-03,73,72,84,5
2023-09-04,84,85,88,6
2023-09-05,72,76,89,7
2023-09-06,75,75,93,8
2023-09-07,73,73,91,7
2023-09-08,82,72,88,7
2023-09-09,56,52,83,6
2023-09-10,79,74,82,5
2023-09-11,88,79,90,7
2023-09-12,89,88,93,7
2023-09-13,79,78,90,7
2023-09-14,79,81,83,7
2023-09-15,78,79,85,6
2023-09-16,69,95,77,5
2023-09-17,72,91,77,5
2023-09-18,96,87,91,7
2023-09-19,83,84,87,7
2023-09-20,77,87,88,7
2023-09-21,77,100,86,7
2023-09-22,70,93,84,6
2023-09-23,74,86,79,6
2023-09-24,61,91,73,5
2023-09-25,86,100,82,7
2023-09-26,76,90,82,7
2023-09-27,69,89,83,7
2023-09-28,71,74,84,7
2023-09-29,80,78,81,7
2023-09-30,71,73,75,6
2023-10-01,28,29,37,3
2023-10-02,39,37,47,4
2023-10-03,29,32,40,3
2023-10-04,32,31,38,3
2023-10-05,27,33,37,3
2023-10-06,32,31,37,3
2023-10-07,22,26,35,2
2023-10-08,25,26,37,2
2023-10-09,37,34,40,3
2023-10-10,26,32,37,3
2023-10-11,31,30,36,3
2023-10-12,26,32,38,3
2023-10-13,27,24,37,3
2023-10-14,27,30,34,3
2023-10-15,30,33,35,3
2023-10-16,50,38,47,4
2023-10-17,38,38,45,3
2023-10-18,36,42,43,3
2023-10-19,31,39,41,3
2023-10-20,45,39,50,3
2023-10-21,37,36,46,3
2023-10-22,42,40,44,2
2023-10-23,62,47,61,4
2023-10-24,100,76,100,5
2023-10-25,65,48,75,5
2023-10-26,59,49,66,4
2023-10-27,48,45,56,4
2023-10-28,43,41,51,3
2023-10-29,38,44,46,3
2023-10-30,51,51,54,4
2023-10-31,47,51,50,4
2023-11-01,55,65,75,6
2023-11-02,65,75,86,7
2023-11-03,62,63,78,6
2023-11-04,54,68,67,4
2023-11-05,57,76,66,5
2023-11-06,64,74,73,6
2023-11-07,58,65,75,6
2023-11-08,58,70,74,6
2023-11-09,85,79,100,7
2023-11-10,85,100,93,7
2023-11-11,74,82,78,6
2023-11-12,61,71,73,5
2023-11-13,74,76,79,6
2023-11-14,68,77,82,6
2023-11-15,67,76,79,6
2023-11-16,63,60,81,7
2023-11-17,63,59,72,6
2023-11-18,49,58,67,4
2023-11-19,53,53,61,4
2023-11-20,52,56,75,6
2023-11-21,60,55,71,6
2023-11-22,70,68,77,7
2023-11-23,66,58,69,6
2023-11-24,67,69,72,6
2023-11-25,53,58,69,5
2023-11-26,56,56,62,5
2023-11-27,57,62,67,7
2023-11-28,57,63,67,7
2023-11-29,51,65,71,7
2023-11-30,51,54,66,7
2023-12-01,53,49,55,5
2023-12-02,61,54,56,5
2023-12-03,58,56,62,4
2023-12-04,89,66,100,7
2023-12-05,91,63,95,7
2023-12-06,100,79,89,7
2023-12-07,83,66,75,6
2023-12-08,70,66,77,7
2023-12-09,61,61,69,6
2023-12-10,53,55,61,5
2023-12-11,96,68,75,6
2023-12-12,73,73,65,5
2023-12-13,67,63,64,6
2023-12-14,54,62,66,7
2023-12-15,52,55,60,6
2023-12-16,49,48,56,5
2023-12-17,50,43,53,4
2023-12-18,56,60,61,6
2023-12-19,54,62,63,7
2023-12-20,50,54,67,7
2023-12-21,51,54,62,6
2023-12-22,51,61,62,7
2023-12-23,42,45,58,5
2023-12-24,47,48,53,5
2024-01-01,17,17,34,3
2024-01-02,25,21,54,5
2024-01-03,49,24,58,4
2024-01-04,47,20,48,4
2024-01-05,29,18,48,4
2024-01-06,21,17,40,3
2024-01-07,22,18,38,3
2024-01-08,51,23,55,4
2024-01-09,53,22,61,4
2024-01-10,100,23,92,4
2024-01-11,80,31,100,6
2024-01-12,47,27,64,4
2024-01-13,36,19,49,3
2024-01-14,25,17,41,3
2024-01-15,24,17,43,3
2024-01-16,22,17,42,3
2024-01-17,21,16,38,4
2024-01-18,19,17,39,3
2024-01-19,18,17,40,3
2024-01-20,15,13,33,2
2024-01-21,15,15,30,2
2024-01-22,22,15,39,3
2024-01-23,26,17,42,3
2024-01-24,18,13,36,3
2024-01-25,16,14,34,3
2024-01-26,15,14,34,3
2024-01-27,14,13,28,2
2024-01-28,13,13,28,2
2024-01-29,12,12,30,3
2024-01-30,13,13,32,3
2024-01-31,12,12,31,3
2024-02-01,15,15,25,2
2024-02-02,15,15,27,3
2024-02-03,14,16,22,2
2024-02-04,16,12,23,2
2024-02-05,17,15,24,3
2024-02-06,16,16,28,3
2024-02-07,18,18,23,3
2024-02-08,22,18,29,3
2024-02-09,29,18,36,3
2024-02-10,21,17,29,3
2024-02-11,23,17,31,2
2024-02-12,32,21,41,3
2024-02-13,30,22,43,4
2024-02-14,34,25,46,4
2024-02-15,39,29,45,5
2024-02-16,27,30,38,5
2024-02-17,26,23,32,3
2024-02-18,26,23,32,3
2024-02-19,26,24,34,3
2024-02-20,28,24,34,3
2024-02-21,24,24,33,4
2024-02-22,23,23,31,4
2024-02-23,24,21,30,3
2024-02-24,23,20,26,3
2024-02-25,20,22,27,3
2024-02-26,27,24,37,4
2024-02-27,49,30,61,5
2024-02-28,89,45,100,13
2024-02-29,100,59,83,8
2024-03-01,35,30,62,5
2024-03-02,33,33,50,5
2024-03-03,39,33,48,4
2024-03-04,55,39,88,8
2024-03-05,93,52,100,10
2024-03-06,61,41,80,7
2024-03-07,41,33,67,7
2024-03-08,37,34,61,7
2024-03-09,38,32,56,5
2024-03-10,38,32,55,5
2024-03-11,100,49,80,7
2024-03-12,74,44,72,7
2024-03-13,57,41,70,7
2024-03-14,53,37,61,6
2024-03-15,60,39,66,5
2024-03-16,47,31,52,4
2024-03-17,43,33,53,4
2024-03-18,39,32,53,5
2024-03-19,48,32,68,5
2024-03-20,46,32,64,5
2024-03-21,34,30,54,4
2024-03-22,34,27,46,4
2024-03-23,30,24,41,3
2024-03-24,36,23,41,3
2024-03-25,48,27,55,5
2024-03-26,30,29,51,5
2024-03-27,29,28,48,5
2024-03-28,27,28,47,5
2024-03-29,27,27,47,4
2024-03-30,19,20,39,3
2024-03-31,25,24,40,3
2024-04-01,70,55,53,5
2024-04-02,85,55,64,5
2024-04-03,62,50,55,5
2024-04-04,54,47,53,4
2024-04-05,57,45,50,4
2024-04-06,43,37,43,4
2024-04-07,46,42,44,4
2024-04-08,60,47,57,5
2024-04-09,55,47,50,4
2024-04-10,50,37,52,4
2024-04-11,59,47,53,5
2024-04-12,74,48,56,5
2024-04-13,77,45,65,4
2024-04-14,98,49,70,4
2024-04-15,94,49,72,4
2024-04-16,67,42,60,4
2024-04-17,67,44,63,4
2024-04-18,76,50,67,4
2024-04-19,99,47,100,4
2024-04-20,100,37,91,3
2024-04-21,76,38,53,3
2024-04-22,56,43,56,4
2024-04-23,44,38,47,4
2024-04-24,46,39,47,3
2024-04-25,66,37,45,4
2024-04-26,41,34,40,3
2024-04-27,40,32,37,3
2024-04-28,35,29,37,3
2024-04-29,61,41,40,4
2024-04-30,57,32,49,3
2024-05-01,100,56,100,6
2024-05-02,69,41,82,8
2024-05-03,63,49,79,8
2024-05-04,54,42,67,5
2024-05-05,44,35,63,4
2024-05-06,52,37,70,6
2024-05-07,45,35,68,5
2024-05-08,42,36,65,5
2024-05-09,65,32,59,5
2024-05-10,76,39,63,5
2024-05-11,39,27,59,4
2024-05-12,40,33,56,4
2024-05-13,49,34,65,5
2024-05-14,41,35,61,7
2024-05-15,49,38,69,6
2024-05-16,45,37,65,6
2024-05-17,40,36,69,6
2024-05-18,37,31,58,4
2024-05-19,42,29,56,4
2024-05-20,43,37,71,6
2024-05-21,83,48,88,7
2024-05-22,59,41,73,7
2024-05-23,55,39,69,7
2024-05-24,50,34,65,6
2024-05-25,34,30,56,5
2024-05-26,37,32,57,4
2024-05-27,42,35,62,6
2024-05-28,45,32,64,6
2024-05-29,44,39,61,6
2024-05-30,41,34,59,6
2024-05-31,36,28,56,6
2024-06-01,30,25,64,6
2024-06-02,35,27,64,6
2024-06-03,48,34,77,7
2024-06-04,40,34,78,8
2024-06-05,43,36,94,9
2024-06-06,41,37,84,9
2024-06-07,48,35,87,8
2024-06-08,38,28,75,6
2024-06-09,35,29,68,6
2024-06-10,42,32,75,7
2024-06-11,51,34,87,8
2024-06-12,47,31,85,8
2024-06-13,42,36,78,8
2024-06-14,45,32,78,7
2024-06-15,39,24,72,5
2024-06-16,43,25,66,5
2024-06-17,71,43,76,7
2024-06-18,100,60,80,7
2024-06-19,48,40,73,6
2024-06-20,47,36,72,7
2024-06-21,42,30,70,6
2024-06-22,40,25,59,4
2024-06-23,34,24,61,5
2024-06-24,66,40,100,7
2024-06-25,51,32,85,6
2024-06-26,43,30,75,6
2024-06-27,50,34,71,7
2024-06-28,47,31,71,6
2024-06-29,39,27,58,4
2024-06-30,44,28,60,4
2024-07-01,40,38,59,5
2024-07-02,38,27,56,5
2024-07-03,48,34,63,5
2024-07-04,75,33,83,5
2024-07-05,100,49,100,5
2024-07-06,54,35,68,4
2024-07-07,48,31,65,4
2024-07-08,68,37,79,5
2024-07-09,52,34,68,5
2024-07-10,55,32,68,5
2024-07-11,55,30,76,5
2024-07-12,41,30,71,5
2024-07-13,39,31,58,4
2024-07-14,56,31,69,4
2024-07-15,70,41,81,6
2024-07-16,65,41,90,7
2024-07-17,56,40,74,6
2024-07-18,57,39,69,6
2024-07-19,53,39,78,6
2024-07-20,58,39,68,5
2024-07-21,53,31,73,5
2024-07-22,60,35,79,6
2024-07-23,52,38,79,6
2024-07-24,55,35,73,6
2024-07-25,59,32,74,6
2024-07-26,53,34,73,6
2024-07-27,62,33,92,4
2024-07-28,64,28,77,4
2024-07-29,73,41,89,6
2024-07-30,55,35,71,6
2024-07-31,48,28,64,6
2024-08-01,28,16,32,3
2024-08-02,27,17,33,3
2024-08-03,30,16,32,2
2024-08-04,35,16,34,2
2024-08-05,100,36,100,4
2024-08-06,43,25,56,3
2024-08-07,33,21,45,3
2024-08-08,31,20,42,3
2024-08-09,27,20,37,2
2024-08-10,25,15,31,2
2024-08-11,30,17,30,2
2024-08-12,32,18,34,3
2024-08-13,26,16,32,2
2024-08-14,24,17,31,2
2024-08-15,27,16,34,2
2024-08-16,29,16,31,2
2024-08-17,21,13,26,2
2024-08-18,22,15,26,2
2024-08-19,29,16,29,2
2024-08-20,27,16,32,2
2024-08-21,22,15,29,2
2024-08-22,23,15,29,2
2024-08-23,22,17,33,2
2024-08-24,22,16,31,2
2024-08-25,24,13,27,2
2024-08-26,22,16,29,2
2024-08-27,28,17,30,2
2024-08-28,28,17,31,2
2024-08-29,25,15,28,2
2024-08-30,25,13,30,2
2024-08-31,19,11,25,2
2024-09-01,69,37,73,5
2024-09-02,64,43,81,6
2024-09-03,82,54,85,7
2024-09-04,83,53,87,7
2024-09-05,82,39,82,6
2024-09-06,83,41,100,7
2024-09-07,80,43,88,5
2024-09-08,77,38,79,5
2024-09-09,77,55,88,7
2024-09-10,77,38,82,6
2024-09-11,80,50,83,6
2024-09-12,68,52,82,7
2024-09-13,72,56,83,7
2024-09-14,54,44,77,5
2024-09-15,58,35,74,5
2024-09-16,73,42,82,7
2024-09-17,74,41,88,6
2024-09-18,84,62,89,7
2024-09-19,100,70,99,8
2024-09-20,86,63,93,7
2024-09-21,66,51,75,6
2024-09-22,70,61,73,5
2024-09-23,80,51,85,7
2024-09-24,68,59,77,8
2024-09-25,72,54,80,7
2024-09-26,80,53,87,8
2024-09-27,83,63,90,8
2024-09-28,68,54,78,5
2024-09-29,68,62,72,6
2024-09-30,82,66,81,7
2024-10-01,50,35,59,5
2024-10-02,37,35,55,5
2024-10-03,39,28,53,4
2024-10-04,38,26,53,5
2024-10-05,31,25,45,4
2024-10-06,36,24,46,3
2024-10-07,37,29,54,5
2024-10-08,40,26,54,4
2024-10-09,35,20,56,4
2024-10-10,42,28,53,5
2024-10-11,38,27,54,5
2024-10-12,36,27,43,4
2024-10-13,35,27,41,3
2024-10-14,40,31,54,6
2024-10-15,47,32,53,6
2024-10-16,53,39,58,6
2024-10-17,46,33,49,5
2024-10-18,46,28,56,6
2024-10-19,35,30,51,4
2024-10-20,37,30,50,4
2024-10-21,53,37,54,5
2024-10-22,40,30,51,5
2024-10-23,41,33,50,5
2024-10-24,40,31,52,5
2024-10-25,49,32,51,5
2024-10-26,42,31,44,4
2024-10-27,36,25,47,4
2024-10-28,51,31,55,8
2024-10-29,100,48,100,7
2024-10-30,76,38,76,7
2024-10-31,64,35,69,6
2024-11-01,22,13,26,2
2024-11-02,15,10,20,2
2024-11-03,19,10,22,1
2024-11-04,22,12,22,2
2024-11-05,23,13,23,2
2024-11-06,98,35,90,4
2024-11-07,42,20,54,4
2024-11-08,35,21,42,3
2024-11-09,30,21,35,3
2024-11-10,50,32,59,4
2024-11-11,69,42,93,8
2024-11-12,100,54,100,8
2024-11-13,75,51,95,8
2024-11-14,59,39,75,7
2024-11-15,44,31,56,5
2024-11-16,44,40,47,4
2024-11-17,38,32,44,4
2024-11-18,40,34,49,5
2024-11-19,40,31,49,5
2024-11-20,47,32,55,6
2024-11-21,69,40,85,7
